year,rank,title,film,singers
1953,1,Ye Zindagi Usi Ki Hai,Anarkali,Lata Mangeshkar
1953,2,Shaam-E-Gham Ki Kasam,Footpath,Talat Mahmood
1953,3,Mohabbat Ki Daastaan Aaj Suno,Mayur Pankh,Lata Mangeshkar
1953,4,Ae Gam-E-Dil Kya Karun,Thokar,Talat Mahmood
1953,5,Yaad Kiya Dil Ne Kahan Ho Tum,Patita,Lata Mangeshkar; Hemant Kumar
1953,6,Zindagi Denewale Sun,Dil-E-Nadan,Talat Mahmood
1953,7,Aaja Re Ab Mera Dil Pukara,Aah,Lata Mangeshkar; Mukesh
1953,8,Ai Pyar Teri Duniya Se Ham,Jhanjhar,Lata Mangeshkar
1953,9,Dharti Kahe Pukar Ke,Do Bigha Zamin,Lata Mangeshkar; Manna Dey
1953,10,Kaare Badra Tu Na Ja,Shikast,Lata Mangeshkar
1953,11,Aa Mohabbat Ki Basti Basayenge Hum,Fareb,Kishore Kumar; Lata Mangeshkar
1953,12,Kahe Jaadu Kiya,Naghma,Shamshad Begum
1954,1,Jayen To Jayen Kahan,Taxi Driver,Talat Mahmood
1954,2,Man Dole Mera Tan Dole,Nagin,Lata Mangeshkar
1954,3,Yeh Lo Main Hari Piya,Aar Paar,Geeta Dutt
1954,4,Insaaf Ka Mandir Hai Yeh,Amar,Mohammed Rafi
1954,5,Rahi Matwale,Waris,Talat Mahmood; Suraiya
1954,6,Chanda Mama Door Ke,Vachan,Asha Bhosle
1954,7,Man Ki Been Matwari Baaje,Shabab,Mohammed Rafi; Lata Mangeshkar
1954,8,Kaise Koi Jiye,Baadbaan,Geeta Dutt
1954,9,Chhota Sa Ghar Hoga,Naukri,Kishore Kumar; Usha Mangeshkar
1954,10,Na Yeh Chand Hoga,Shart,Hemant Kumar
1955,1,Mera Joota Hai Japani,Shree 420,Mukesh
1955,2,Mera Salaam Le Ja,Uran Khatola,Lata Mangeshkar
1955,3,Man Dole Mera Tan Dole,Nagin,Lata Mangeshkar
1955,4,O Door Ke Musafir,Uran Khatola,Mohammed Rafi
1955,5,Ichak Dana Bichak Dana,Shree 420,Mukesh; Lata Mangeshkar
1955,6,Dekh Tere Sansar Ki Halat,Nastik,Kavi Pradeep
1955,7,Mera Dil Yeh Pukare Aaja,Nagin,Lata Mangeshkar
1955,8,De Di Hame Azadi,Jagriti,Asha Bhosle
1955,9,Jeevan Ke Safar Mein Rahi,Munimji,Kishore Kumar
1955,10,Chalo Chalen Maa,Jagriti,Asha Bhosle
1955,11,More Saiyan Ji Utrenge Paar,Uran Khatola,Lata Mangeshkar
1955,12,Hai Bas Ke Har Ek Unke Ishaare,Mirza Ghalib,Mohammed Rafi
1955,16,Udhar Tum Haseen Ho,Mr. & Mrs. 55,Mohammed Rafi; Geeta Dutt
1956,1,Ae Dil Hai Mushkil Jeena Yahan,C.I.D.,Mohammed Rafi; Geeta Dutt
1956,2,Nain So Nain Nahi Milao,Jhanak Jhanak Payal Baaje,Hemant Kumar; Lata Mangeshkar
1956,3,Tu Pyar Ka Sagar Hai,Seema,Manna Dey
1956,4,Nirbal Se Ladai Balwan Ki,Toofan Aur Diya,Manna Dey
1956,5,Ae Dil Mujhe Bata De,Bhai Bhai,Geeta Dutt
1956,6,Leke Pehla Pehla Pyar,C.I.D.,Mohammed Rafi; Shamshad Begum; Asha Bhosle
1956,7,Halke Halke Chalo Sanwre,Tangewali,Hemant Kumar; Lata Mangeshkar
1956,8,Kaise Aaoon Jamuna Ke Teer,Devta,Lata Mangeshkar
1956,9,Aankhon Hi Aankhon Mein,C.I.D.,Mohammed Rafi; Geeta Dutt
1956,10,Piya Piya Piya Mora Jiya Pukare,Baap Re Baap,Kishore Kumar; Asha Bhosle
1956,12,Dil Dil Se Mila Kar Dekho,Mem Sahib,Kishore Kumar
1956,15,Zindagi Khwab Hai,Jagte Raho,Mukesh
1956,16,Aaja Sanam Madhur Chandni,Chori Chori,Manna Dey; Lata Mangeshkar
1957,1,Zara Samne To Aao Chhaliye,Janam Janam Ke Phere,Mohammed Rafi; Lata Mangeshkar
1957,2,Sar Jo Tera Chakraye,Pyaasa,Mohammed Rafi
1957,4,Panchhi Banu Udti Phiroon,Chori Chori,Lata Mangeshkar
1957,5,Aankhon Mein Kya Ji,Nau Do Gyarah,Kishore Kumar; Asha Bhosle
1957,6,Chhod Do Aanchal,Paying Guest,Kishore Kumar; Asha Bhosle
1957,7,O Raat Ke Musafir,Miss Mary,Mohammed Rafi; Lata Mangeshkar
1957,9,Mana Janab Ne Pukara Nahin,Paying Guest,Kishore Kumar
1957,13,Nain Mile Chain Kahan,Basant Bahar,Manna Dey; Lata Mangeshkar
1957,14,Eena Meena Deeka,Aasha,Asha Bhosle
1957,15,Maang Ke Saath Tumhara,Naya Daur,Mohammed Rafi; Asha Bhosle
1957,16,Main Bambai Ka Babu,Naya Daur,Mohammed Rafi
1957,17,Nakhrewaali,New Delhi,Kishore Kumar
1957,18,Chhup Gaya Koi Re,Champakali,Lata Mangeshkar
1957,19,Uden Jab Jab Zulfen Teri,Naya Daur,Mohammed Rafi; Asha Bhosle
1957,21,Badi Der Bhayi,Basant Bahar,Mohammed Rafi
1957,22,Thandi Thandi Hawa,Johnny Walker,Asha Bhosle; Geeta Dutt
1957,23,Haye Haye Yeh Nigahen,Paying Guest,Kishore Kumar; Asha Bhosle
1957,24,Ae Meri Topi Palat Ke Aa,Funtoosh,Kishore Kumar
1957,25,Yeh Raat Bheegi Bheegi,Chori Chori,Manna Dey; Lata Mangeshkar
1957,26,Kali Ke Roop Mein,Nau Do Gyarah,Mohammed Rafi; Asha Bhosle
1957,29,Yeh Mard Bade Dil Sard Bade,Miss Mary,Lata Mangeshkar
1957,30,Jane Kya Toone Kahi,Pyaasa,Geeta Dutt
1957,31,Choon Choon Karti Aayi Chidiya,Ab Dilli Door Nahin,Mohammed Rafi
1957,32,Din Albele Pyar Ka Mausam,Begunah,Manna Dey; Lata Mangeshkar
1957,33,Reshmi Salwar Kurta Jaali Ka,Naya Daur,Asha Bhosle; Shamshad Begum
1957,34,Jaago Mohan Pyare,Jagte Raho,Lata Mangeshkar
1958,1,Hai Apna Dil To Awara,Solva Saal,Hemant Kumar
1958,3,Bol Ri Kathputli,Kathputli,Lata Mangeshkar
1958,4,Meri Jaan Meri Jaan,Yahudi,Lata Mangeshkar
1958,5,Suhana Safar Aur Yeh Mausam,Madhumati,Mukesh
1958,6,Tera Teer O Bepeer,Shararat,Lata Mangeshkar
1958,7,Yeh Mera Deewanapan Hai,Yahudi,Mukesh
1958,8,Chal Ud Ja Re Panchhi,Bhabhi,Mohammed Rafi
1958,9,Chali Chali Re Patang,Bhabhi,Mohammed Rafi; Lata Mangeshkar
1958,10,Yoon To Hamne Laakh Haseen,Tumsa Nahin Dekha,Mohammed Rafi
1958,12,Duniya Mein Hum Aaye Hain To,Mother India,Lata Mangeshkar; Meena Mangeshkar; Usha Mangeshkar
1958,13,Nagri Nagri Dware Dware,Mother India,Lata Mangeshkar
1958,14,Sar Par Topi Laal,Tumsa Nahin Dekha,Mohammed Rafi; Asha Bhosle
1958,15,Eent Ki Dukki Paan Ka Ikka,Howrah Bridge,Mohammed Rafi
1958,16,Bakkad Bum Bum Baaje Damroo,Kathputli,Lata Mangeshkar
1958,17,Pyar Par Bas To Nahin Hai,Sone Ki Chidiya,Talat Mahmood; Asha Bhosle
1958,18,Ek Pardesi Mera Dil Le Gaya,Phagun,Mohammed Rafi; Asha Bhosle
1958,20,Ae Malik Tere Bande Hum,Do Aankhen Barah Haath,Lata Mangeshkar
1958,23,Tim Tim Tim Taron Ke Deep Jale,Mausi,Talat Mahmood; Lata Mangeshkar
1958,27,Sari Sari Raat Teri Yaad Sataye,Aji Bas Shukriya,Lata Mangeshkar
1958,29,Aaja Re Pardesi,Madhumati,Lata Mangeshkar
1958,31,Manzil Wohi Hai Pyar Ki,Kathputli,Subir Sen
1958,32,Hum Matwale Naujawan,Shararat,Kishore Kumar
1959,1,Haal Kaisa Hai Janab Ka,Chalti Ka Naam Gaadi,Kishore Kumar; Asha Bhosle
1959,2,Mujhko Yaron Maaf Karna,Main Nashe Mein Hoon,Mukesh
1959,3,Sab Kuchh Seekha Hamne,Anari,Mukesh
1959,4,Woh Chand Khila,Anari,Mukesh; Lata Mangeshkar
1959,5,Hum Bekhudi Mein Tumko,Kala Pani,Mohammed Rafi
1959,6,Aa Laut Ke Aaja Mere Meet,Rani Roopmati,Mukesh
1959,7,Jhoomta Mausam Mast Maheena,Ujala,Manna Dey; Lata Mangeshkar
1959,8,Main Rangeela Pyar Ka Rahi,Chhoti Bahen,Subir Sen; Lata Mangeshkar
1959,10,Ruk Ja Ruk Ja O Janewali,Kanhaiya,Mukesh
1959,12,Ek Ladki Bheegi Bhagi Si,Chalti Ka Naam Gaadi,Kishore Kumar
1959,13,Dekh Hame Awaz Na Dena,Amar Deep,Mohammed Rafi; Asha Bhosle
1959,15,Tim Tim Karte Tare,Chirag Kahan Roshni Kahan,Lata Mangeshkar
1959,17,Jalte Hain Jiske Liye,Sujata,Talat Mahmood
1959,18,Mujhe Tumse Kuchh Bhi Na,Kanhaiya,Mukesh
1959,19,Tera Jalwa Jisne Dekha,Ujala,Lata Mangeshkar
1959,21,Chand Sa Mukhda,Insan Jag Utha,Mohammed Rafi; Asha Bhosle
1959,22,Ban Ke Panchhi Gayen,Anari,Lata Mangeshkar
1959,24,Bhaiya Meri Rakhi Ke Bandhan,Chhoti Bahen,Lata Mangeshkar
1959,25,Kehdo Koi Na Kare Yahan Pyar,Goonj Uthi Shehnai,Mohammed Rafi
1959,26,Babu Samjho Ishare,Chalti Ka Naam Gaadi,Kishore Kumar; Ashok Kumar; Manna Dey
1959,28,Dil Deke Dekho,Dil Deke Dekho,Mohammed Rafi; Asha Bhosle
1959,29,Chad Gayo Papi Bichua,Madhumati,Manna Dey; Lata Mangeshkar
1959,31,Bachpan Ke Din Bhi Kya Din The,Sujata,Geeta Dutt; Asha Bhosle
1959,32,Ho Mora Nadan Balma,Ujala,Lata Mangeshkar
1960,1,Zindagi Bhar Nahin Bhoolegi,Barsaat Ki Raat,Mohammed Rafi
1960,2,Chaudhvin Ka Chand Ho,Chaudhvin Ka Chand,Mohammed Rafi
1960,3,Mujhko Is Raat Ki Tanhai Mein,Dil Bhi Tera Hum Bhi Tere,Mukesh
1960,4,Pyar Kiya To Darna Kya,Mughal-E-Azam,Lata Mangeshkar
1960,5,Chal Ri Sajni,Bambai Ka Babu,Mukesh
1960,6,Dil Apna Aur Preet Parai,Dil Apna Aur Preet Parai,Lata Mangeshkar
1960,7,Tere Pyar Ka Asra,Dhool Ka Phool,Mahendra Kapoor; Lata Mangeshkar
1960,8,Mohabbat Ki Jhooti Kahani,Mughal-E-Azam,Lata Mangeshkar
1960,9,Chhalia Mera Naam,Chhalia,Mukesh
1960,10,Tu Hai Harjai To,Tu Nahin Aur Sahi,Mukesh
1960,11,Tadpaoge Tadpa Lo,Barkha,Lata Mangeshkar
1960,12,Mera Dil Ab Tera O Sajna,Dil Apna Aur Preet Parai,Lata Mangeshkar
1960,13,Dum Dum Diga Diga,Chhalia,Mukesh
1960,14,Aadha Hai Chandrama,Navrang,Mahendra Kapoor; Asha Bhosle
1960,15,Khoya Khoya Chand,Kala Bazar,Mohammed Rafi
1960,16,Tumhe Yaad Hoga,Satta Bazaar,Hemant Kumar; Lata Mangeshkar
1960,17,O Sajna Barkha Bahar Aayi,Parakh,Lata Mangeshkar
1960,18,Shishe Dil Itna Na Uchhalo,Dil Apna Aur Preet Parai,Lata Mangeshkar
1960,19,Yaad Aa Gayi Woh Nasheeli,Manzil,Hemant Kumar
1960,20,Matwali Naar Thumak Thumak,Ek Phool Char Kante,Mukesh
1960,21,Bolo Bolo Kuchh To Bolo,Dil Deke Dekho,Mohammed Rafi
1960,22,Dhadakne Lagi Dil Ke Taron,Dhool Ka Phool,Mahendra Kapoor; Asha Bhosle
1960,23,Mili Khak Mein Mohabbat,Chaudhvin Ka Chand,Mohammed Rafi
1960,24,Ajeeb Dastan Hai Yeh,Dil Apna Aur Preet Parai,Lata Mangeshkar
1960,26,Yeh Sheher Bada Albela,Singapore,Mukesh
1960,27,Mohe Panghat Pe Nandlal,Mughal-E-Azam,Lata Mangeshkar
1960,29,Dil Lootne Wale Jadugar,Madari,Mukesh; Lata Mangeshkar
1960,30,Bade Hain Dil Ke Kale,Dil Deke Dekho,Mohammed Rafi; Asha Bhosle
1960,31,Mere Toote Huye Dil Se,Chhalia,Mukesh
1960,32,Apni To Har Aah Ek Toofan Hai,Kala Bazar,Mohammed Rafi
1961,1,Teri Pyari Pyari Surat Ko,Sasural,Mohammed Rafi
1961,1,Ehsaan Tera Hoga Mujh Par,Junglee,Mohammed Rafi
1961,2,Abhi Na Jao Chhod Kar,Hum Dono,Mohammed Rafi; Asha Bhosle
1961,2,Do Hanson Ka Joda Bichhad Gayo Re,Ganga Jumna,Lata Mangeshkar
1961,3,Ho Maine Pyar Kiya,Jis Desh Mein Ganga Behti Hai,Lata Mangeshkar
1961,4,Mera Naam Raju Gharana Anam,Jis Desh Mein Ganga Behti Hai,Mukesh
1961,5,Matwali Aankhon Wale,Chhote Nawab,Lata Mangeshkar; Mohammed Rafi
1961,5,Yahoo Chahe Koi Mujhe Junglee Kahe,Junglee,Mohammed Rafi
1961,6,Dil Mera Ek Aas Ka Panchhi,Aas Ka Panchhi,Subir Sen
1961,7,Ek Sawal Main Karun,Sasural,Lata Mangeshkar; Mohammed Rafi
1961,7,Teri Zulfon Se Judai,Jab Pyar Kisi Se Hota Hai,Mohammed Rafi
1961,8,Jiya O Jiya Kuchh Bol Do,Jab Pyar Kisi Se Hota Hai,Mohammed Rafi
1961,9,Saranga Teri Yaad Mein,Saranga,Mukesh
1961,9,Dhundho Dhundho Re Sajna,Ganga Jumna,Lata Mangeshkar; Mohammed Rafi
1961,10,Husn Wale Tera Jawab Nahin,Gharana,Mohammed Rafi
1961,11,Hothon Pe Sachai Rehti Hai,Jis Desh Mein Ganga Behti Hai,Mukesh
1961,12,Kabhi Khud Pe Kabhi Halaat Pe,Hum Dono,Mohammed Rafi
1961,13,Itna Na Mujhse Tu Pyar Badha,Chhaya,Lata Mangeshkar; Talat Mahmood
1961,14,Main Khushnaseeb Hoon,Tower House,Lata Mangeshkar; Mukesh
1961,15,Madhuban Mein Radhika Nache,Kohinoor,Mohammed Rafi
1961,16,Begani Shadi Mein Abdulla Deewana,Jis Desh Mein Ganga Behti Hai,Lata Mangeshkar; Mukesh
1961,17,Dekho Ji Dekho Sun Lo Ye Baat,Singapore,Lata Mangeshkar
1961,18,Tasveer Teri Dil Mein,Maya,Lata Mangeshkar; Mohammed Rafi
1961,19,Bikhara Ke Zulfen Chaman Mein Na Jana,Nazrana,Lata Mangeshkar; Mukesh
1961,20,Haan Deewana Hoon Main,Saranga,Mukesh
1961,21,Tum Roothi Raho Main Manata Rahun,Aas Ka Panchhi,Lata Mangeshkar; Mukesh
1961,22,Neeli Neeli Ghata O Bheegi Bheegi Hawa,Hum Hindustani,Asha Bhosle; Mukesh
1961,24,Do Sitaron Ka Zameen Par Hai Milan,Kohinoor,Lata Mangeshkar; Mohammed Rafi
1961,25,Teri Duniya Se Door,Zabak,Lata Mangeshkar; Mohammed Rafi
1961,28,Hume Kash Tumse Mohabbat Na Hoti,Mughal-E-Azam,Lata Mangeshkar
1961,29,Ek Pyasa Tujhe Maikhana Diye Jata Hai,Nazrana,Mohammed Rafi
1961,30,Dadi Amma Dadi Amma Maan Jao,Gharana,Asha Bhosle; Kamal Barot
1961,31,O Basanti Pawan Pagal Na Ja Re,Jis Desh Mein Ganga Behti Hai,Lata Mangeshkar
1961,32,Chhodo Kal Ki Baaten,Hum Hindustani,Mukesh
1962,1,Ehsaan Tera Hoga Mujh Par,Junglee,Lata Mangeshkar
1962,1,Ehsaan Tera Hoga Mujh Par,Junglee,Mohammed Rafi
1962,2,Do Hanson Ka Joda,Ganga Jumna,Lata Mangeshkar
1962,3,Ab Kya Misal Doon,Aarti,Mohammed Rafi
1962,4,Aap Ki Nazron Ne Samjha,Anpadh,Lata Mangeshkar
1962,5,Awaz Deke Hame Tum Bulao,Professor,Lata Mangeshkar; Mohammed Rafi
1962,6,Kahin Deep Jale Kahin Dil,Bees Saal Baad,Lata Mangeshkar
1962,7,Teri Zulfon Se Judai,Jab Pyar Kisi Se Hota Hai,Mohammed Rafi
1962,8,Jiya O Jiya Kuchh Bol Do,Jab Pyar Kisi Se Hota Hai,Mohammed Rafi
1962,9,Dhundho Dhundho Re Sajna,Ganga Jumna,Lata Mangeshkar
1962,10,Ibtida-E-Ishq Mein Hum,Hariyali Aur Rasta,Mukesh; Lata Mangeshkar
1962,11,O Shama Mujhe Phoonk De,Aashiq,Mukesh; Lata Mangeshkar
1962,12,Ae Gulbadan,Professor,Mohammed Rafi
1962,12,Hai Isi Mein Pyar Ki Aabroo,Anpadh,Lata Mangeshkar
1962,13,Bhanwara Bada Nadan,Sahib Bibi Aur Ghulam,Asha Bhosle
1962,14,Main Aashiq Hoon Baharon Ka,Aashiq,Mukesh
1962,15,Bahut Shukriya Badi Meherbani,Ek Musafir Ek Hasina,Mohammed Rafi; Asha Bhosle
1962,16,Dil Todne Wale Tujhe Dil Dhundh Raha Hai,Son Of India,Lata Mangeshkar; Mohammed Rafi
1962,16,Mehndi Lagi Mere Hath Re,Mehndi Lagi Mere Haath,Lata Mangeshkar
1962,17,Tum To Dil Ke Tar Chhed Kar,Roop Ki Rani Choron Ka Raja,Talat Mahmood
1962,19,Aapne Yaad Dilaya,Aarti,Lata Mangeshkar; Mohammed Rafi
1962,20,Aaj Ki Taaza Khabar,Son Of India,Shanti Mathur
1962,20,Mujhe Dekh Kar Aap Ka Muskurana,Ek Musafir Ek Hasina,Mohammed Rafi
1962,21,Bol Meri Taqdeer Mein Kya Hai,Hariyali Aur Rasta,Lata Mangeshkar; Mukesh
1962,22,Na Tum Hame Jano Na Hum Tumhe Jane,Baat Ek Raat Ki,Hemant Kumar; Suman Kalyanpur
1962,23,Main Kaun Hoon Main Kahan Hoon,Main Chup Rahungi,Mohammed Rafi
1962,23,Kabhi Tanhaiyon Mein Hamari Yaad Aayegi,Hamari Yaad Aayegi,Mubarak Begum
1962,24,Aap Yun Hi Agar Hum Se Milte Rahe,Ek Musafir Ek Hasina,Mohammed Rafi; Asha Bhosle
1962,25,O Nirdayi Pritam,Stree,Lata Mangeshkar
1962,26,Tumhi Ho Mata Pita Tumhi Ho,Main Chup Rahungi,Lata Mangeshkar
1962,27,Zara Nazron Se Keh Do Ji Nishana,Bees Saal Baad,Hemant Kumar
1962,28,Kabhi To Milegi,Aarti,Lata Mangeshkar
1962,29,Jyoti Kalash Chhalke,Bhabhi Ki Chudiyan,Lata Mangeshkar
1962,30,Aaj Ki Raat Nahin Shikve,Dharamputra,Mahendra Kapoor
1962,31,Hasrat Hi Rahi,Bombay Ka Chor,Kishore Kumar
1962,32,Dil Ki Tamanna Thi,Gyarah Hazar Ladkiyan,Mohammed Rafi; Asha Bhosle
1963,1,Jo Wada Kiya Wo Nibhana Padega,Taj Mahal,Lata Mangeshkar; Mohammed Rafi
1963,2,Dil Ek Mandir Hai,Dil Ek Mandir,Mohammed Rafi; Suman Kalyanpur
1963,3,In Hawaon Mein In Fizaon Mein,Gumrah,Asha Bhosle; Mahendra Kapoor
1963,4,Chalo Ek Bar Phir Se,Gumrah,Mahendra Kapoor
1963,6,Hansta Hua Nurani Chehra,Parasmani,Lata Mangeshkar; Kamal Barot
1963,7,Mujhko Apne Gale Laga Lo,Hamrahi,Mohammed Rafi; Mubarak Begum
1963,8,Zindagi Kitni Khubsurat Hai,Bin Badal Barsaat,Hemant Kumar
1963,10,O Janewale Ho Sake To Laut Ke Aana,Bandini,Mukesh
1963,11,Ik Ghar Banaunga Tere Ghar Ke Samne,Tere Ghar Ke Samne,Lata Mangeshkar; Mohammed Rafi
1963,13,Tum Hi Tum Ho Mere Jeevan Mein,Ek Dil Sau Afsane,Lata Mangeshkar; Mohammed Rafi
1963,14,Bijli Gira Ke Aap Khud Bijli Se Dar Gaye,Dil Tera Deewana,Lata Mangeshkar; Mohammed Rafi
1963,15,Woh Jab Yaad Aaye Bahut Yaad Aaye,Parasmani,Lata Mangeshkar; Mohammed Rafi
1963,17,Mora Gora Ang Lai Le,Bandini,Lata Mangeshkar
1963,18,Duniya Teri Yahi Hai To,Gehra Daag,Mohammed Rafi
1963,18,Mujhe Tumse Mohabbat Hai,Bachpan,Mohammed Rafi
1963,19,Dil Jo Bhi Kahega Manenge,Dil Hi To Hai,Mukesh
1963,21,Ruk Ja Raat Thehar Ja Re Chanda,Dil Ek Mandir,Lata Mangeshkar
1963,22,Ye Wadiyan Ye Fizayen,Aaj Aur Kal,Mohammed Rafi
1963,23,Paon Chhu Lene Do Phoolon Ko,Taj Mahal,Lata Mangeshkar; Mohammed Rafi
1963,24,Mere Mehboob Tujhe,Mere Mehboob,Mohammed Rafi
1963,25,Tum Agar Mujhko Na Chaho,Dil Hi To Hai,Mukesh
1963,26,Zaroorat Hai Zaroorat Hai,Manmauji,Kishore Kumar
1963,27,Ek Dil Aur Sau Afsane,Ek Dil Sau Afsane,Lata Mangeshkar
1963,28,Laga Chunari Mein Daag,Dil Hi To Hai,Manna Dey
1963,29,Tera Mera Pyar Amar,Asli Naqli,Lata Mangeshkar
1963,30,Jurm-E-Ulfat Pe,Taj Mahal,Lata Mangeshkar
1963,30,Main Ek Nanha Sa Bachha Hoon,Harishchandra Taramati,Lata Mangeshkar
1963,31,Govinda Aala Re Aala,Bluffmaster,Mohammed Rafi
1963,32,Jane Bahar Husn Tera Bemisaal Hai,Pyar Kiya To Darna Kya,Mohammed Rafi
1964,1,Mere Man Ki Ganga Aur Tere Man Ki Jamuna,Sangam,Mukesh
1964,2,Yeh Mera Prem Patra Padhkar,Sangam,Mohammed Rafi
1964,3,Mere Mehboob Tujhe Meri Mohabbat Ki Kasam,Mere Mehboob,Mohammed Rafi
1964,4,Tumhe Aur Kya Doon Main Dil Ke Siwa,Ayee Milan Ki Bela,Lata Mangeshkar
1964,5,Tum Kamsin Ho Nadan Ho,Ayee Milan Ki Bela,Mohammed Rafi
1964,6,Mere Mehboob Qayamat Hogi,Mr. X In Bombay,Kishore Kumar
1964,7,Aaja Aai Bahar,Rajkumar,Lata Mangeshkar
1964,7,Ye Chand Sa Roshan Chehra,Kashmir Ki Kali,Mohammed Rafi
1964,9,Naina Barse Rimjhim Rimjhim,Woh Kaun Thi,Lata Mangeshkar
1964,10,Saanson Ke Tar Par,Geet Gaya Pattharon Ne,Kishori Amonkar
1964,10,Main Kya Karun Ram Mujhe Buddha Mil Gaya,Sangam,Lata Mangeshkar
1964,11,Duniya Kahati Happy Birthday To You,Door Ki Awaz,Mohammed Rafi; Asha Bhosle; Manna Dey
1964,12,Dost Dost Na Raha Pyar Pyar Na Raha,Sangam,Mukesh
1964,13,Jhoom Jhoom Dhalti Raat,Kohraa,Lata Mangeshkar
1964,14,Tere Husn Ki Kya Tarif Karun,Leader,Lata Mangeshkar; Mohammed Rafi
1964,15,Jo Hamne Dastan Apni Sunai,Woh Kaun Thi,Lata Mangeshkar
1964,16,Pyar Aankhon Se Jataya To,Ayee Milan Ki Bela,Mohammed Rafi
1964,17,Na Jhatko Zulf Se Pani,Shehnai,Mohammed Rafi
1964,18,Mujhe Duniyawalon Sharabi Na Samjho,Leader,Mohammed Rafi
1964,19,Bandaparwar Tham Lo Jigar,Phir Wohi Dil Laya Hoon,Mohammed Rafi
1964,20,Tumko Piya Dil Diya,Shikari,Lata Mangeshkar; Usha Mangeshkar
1964,21,Chahunga Main Tujhe Saanjh Sawere,Dosti,Mohammed Rafi
1964,22,Aaj Kal Mein Dhal Gaya,Beti Bete,Lata Mangeshkar; Mohammed Rafi
1964,23,Kabhi Na Kabhi Kahin Na Kahin,Sharabi,Mohammed Rafi
1964,24,Koi Jab Rah Na Paye,Dosti,Mohammed Rafi
1964,24,Agar Mujhse Mohabbat Hai,Aap Ki Parchhaiyan,Lata Mangeshkar
1964,25,April Fool Banaya,April Fool,Mohammed Rafi
1964,26,Tum Akele To Kabhi Bagh Mein,Aao Pyar Karen,Lata Mangeshkar; Mohammed Rafi
1964,26,Rahi Manwa Dukh Ki Chinta,Dosti,Mohammed Rafi
1964,27,Mujhe Kehte Hain Kallu Qawwal,Dulha Dulhan,Mukesh; Sudha Malhotra
1964,28,Hum Pyar Ka Sauda Karte Hain,Zindagi,Lata Mangeshkar
1964,29,Husn Se Chand Bhi Sharmaya Hai,Door Ki Awaz,Mohammed Rafi
1964,31,Mera Naam Rita Christina,April Fool,Lata Mangeshkar
1964,32,Aa Gale Lag Ja Mere Sapne,April Fool,Mohammed Rafi
1965,1,Jis Dil Mein Basa Tha Pyar Tera,Saheli,Mukesh
1965,1,Jis Dil Mein Basa Tha Pyar Tera,Saheli,Lata Mangeshkar
1965,2,Gata Rahe Mera Dil,Guide,Kishore Kumar; Lata Mangeshkar
1965,3,Aao Twist Karen,Bhoot Bungla,Manna Dey
1965,4,Lal Chhadi Maidan Khadi,Janwar,Mohammed Rafi
1965,5,Dil Jo Na Keh Saka,Bheegi Raat,Lata Mangeshkar
1965,5,Tumhi Mere Mandir Tumhi Meri Puja,Khandan,Lata Mangeshkar
1965,6,Ek Tu Na Mila,Himalay Ki God Mein,Lata Mangeshkar
1965,8,Tumse Achha Kaun Hai,Janwar,Mohammed Rafi
1965,9,Aji Ruth Kar Ab Kahan Jaiyega,Arzoo,Lata Mangeshkar
1965,9,Waqt Se Din Aur Raat,Waqt,Mohammed Rafi
1965,11,Pardesiyon Se Na Ankhiyan Milana,Jab Jab Phool Khile,Mohammed Rafi
1965,12,Ye Do Deewane Dil Ke,Johar Mehmood In Goa,Mohammed Rafi; Manna Dey
1965,13,Are Yaar Meri Tum Bhi Ho Gazab,Teen Devian,Kishore Kumar; Asha Bhosle
1965,14,Likha Hai Teri Aankhon Mein,Teen Devian,Kishore Kumar; Lata Mangeshkar
1965,15,Chand Si Mehbooba Ho Meri,Himalay Ki God Mein,Mukesh
1965,16,Jaiye Aap Kahan Jayenge,Mere Sanam,Asha Bhosle
1965,17,O Badi Der Bhai Nandlala,Khandan,Mohammed Rafi
1965,18,Ajnabi Tum Jane Pehchane Se Lagte Ho,Hum Sab Ustad Hain,Kishore Kumar
1965,19,Nil Gagan Par Udte Badal,Khandan,Mohammed Rafi; Asha Bhosle
1965,20,Hum Chhod Chale Hain Mehfil Ko,Ji Chahta Hai,Mukesh
1965,22,Hoke Majboor Mujhe Usne Bhulaya Hoga,Haqeeqat,Mohammed Rafi; Talat Mahmood; Manna Dey; Bhupinder Singh
1965,23,Neend Nigahon Ki Kho Jati Hai,Lutera,Lata Mangeshkar
1965,25,Wahan Kaun Hai Tera Musafir,Guide,S.D. Burman
1965,25,Machalti Hui Hawa Mein,Ganga Ki Lehren,Kishore Kumar; Lata Mangeshkar
1965,27,Na Na Karte Pyar Tumhi Se,Jab Jab Phool Khile,Mohammed Rafi; Suman Kalyanpur
1965,28,Khudaya Khudaya Mohabbat Na Hoti,Boxer,Lata Mangeshkar
1965,29,Chalke Teri Aankhon Se Sharab,Arzoo,Mohammed Rafi
1965,29,Jiyo To Aise Jiyo,Bahu Beti,Mohammed Rafi
1965,30,Lagi Manwa Ke Bich Katari,Chitralekha,Manna Dey
1965,31,Maine Dekha Hai Ki Phoolon Se,Waqt,Asha Bhosle; Mahendra Kapoor
1965,32,Tera Husn Rahe Mera Ishq Rahe,Do Dil,Mohammed Rafi
1966,1,Baharon Phool Barsao,Suraj,Mohammed Rafi
1966,2,O Mere Sona Re,Teesri Manzil,Asha Bhosle
1966,3,Huzoor-E-Wala Jo Ho Ijazat,Yeh Raat Phir Na Aayegi,Asha Bhosle; Minoo Purushottam
1966,4,Jhumka Gira Re Bareli Ke Bazaar Mein,Mera Saaya,Asha Bhosle
1966,5,Dheere Dheere Machal,Anupama,Lata Mangeshkar
1966,6,Japan Love In Tokyo,Love In Tokyo,Mohammed Rafi
1966,7,Sajan Re Jhoot Mat Bolo,Teesri Kasam,Mukesh
1966,8,Usko Nahin Dekha Humne Kabhi,Daadi Maa,Manna Dey; Mahendra Kapoor
1966,8,Garibon Ki Suno,Dus Lakh,Mohammed Rafi; Asha Bhosle
1966,10,Badtameez Kaho Ya Kaho,Budtameez,Mohammed Rafi
1966,11,Dil Ne Phir Yaad Kiya,Dil Ne Phir Yaad Kiya,Mohammed Rafi; Mukesh; Suman Kalyanpur
1966,12,Badal Jaye Agar Mali,Baharen Phir Bhi Aayengi,Mahendra Kapoor
1966,13,Chhu Lene Do Nazuk Hothon Ko,Kaajal,Mohammed Rafi
1966,13,Mere Dushman Tu Meri Dosti Ko Tarse,Aaye Din Bahar Ke,Mohammed Rafi
1966,14,Ye Aajkal Ke Ladke,Dillagi,Usha Mangeshkar
1966,15,Shishe Se Piya Paimane Se Pi,Phool Aur Patthar,Asha Bhosle
1966,15,O Haseena Zulfon Wali,Teesri Manzil,Mohammed Rafi; Asha Bhosle
1966,16,Tu Jahan Jahan Chalega,Mera Saaya,Lata Mangeshkar
1966,18,Sayonara Wada Nibhaungi,Love In Tokyo,Lata Mangeshkar
1966,19,Mera Pyar Woh Hai Ke Mar Kar,Yeh Raat Phir Na Aayegi,Mahendra Kapoor
1966,19,Kaliyon Ne Ghoonghat Khole,Dil Ne Phir Yaad Kiya,Mohammed Rafi
1966,20,Payal Ki Jhankaar Raste Raste,Mere Lal,Lata Mangeshkar
1966,21,Titli Udi Ud Jo Chali,Suraj,Sharda
1966,21,Aaja Aaja Main Hoon Pyar Tera,Teesri Manzil,Mohammed Rafi; Asha Bhosle
1966,22,Nainon Wali Ne Hay Mera Dil Luta,Mera Saaya,Asha Bhosle
1966,23,Kajal Wale Nain Mila Ke,Devar,Mohammed Rafi
1966,24,Gore Hathon Par Na Zulm Karo,Pyar Kiye Ja,Mohammed Rafi
1966,24,Aa Lag Ja Gale Dilruba,Dus Lakh,Mohammed Rafi
1966,26,Din Jawani Ke Char Yaar,Pyar Kiye Ja,Kishore Kumar
1966,27,Dilruba Maine Tere Pyar Mein,Dil Diya Dard Liya,Mohammed Rafi
1966,28,Akele Hain Chale Aao,Raaz,Mohammed Rafi
1966,30,Rahen Na Rahen Hum,Mamta,Lata Mangeshkar
1966,31,Baharon Ne Mera Chaman Luta Kar,Devar,Mukesh
1966,32,Guzare Hain Aaj Ishq Mein,Dil Diya Dard Liya,Mohammed Rafi
1966,32,Ye Kali Jab Talak Phool Ban Ke Khile,Aaye Din Bahar Ke,Lata Mangeshkar; Mahendra Kapoor
1967,1,Sawan Ka Mahina Pawan Kare Shor,Milan,Mukesh; Lata Mangeshkar
1967,2,O Mere Sona Re Sona Re,Teesri Manzil,Mohammed Rafi; Asha Bhosle
1967,3,Baharon Mera Jeevan Bhi Sawaro,Aakhri Khat,Lata Mangeshkar
1967,4,Deewana Mujhko Log Kahen,Diwana,Mukesh
1967,5,Dheere Dheere Machal,Anupama,Lata Mangeshkar
1967,6,Hum Tum Yug Yug Se,Milan,Mukesh; Lata Mangeshkar
1967,7,Kaise Karun Prem Ki Main Baat,Anita,Lata Mangeshkar
1967,7,Aayi Hai Baharen Mite Zulm-O-Sitam,Ram Aur Shyam,Mohammed Rafi
1967,9,Duniya Ki Sair Kar Lo,Around The World,Sharda
1967,10,Aaja Piya Tohe Pyar Doon,Baharon Ke Sapne,Lata Mangeshkar
1967,11,Ehsan Mere Dil Pe Tumhara Hai Doston,Gaban,Mohammed Rafi
1967,12,Aaj Ki Raat Ye Kaisi Raat,Aman,Mohammed Rafi
1967,13,Mere Dushman Tu Meri Dosti Ko,Aaye Din Bahar Ke,Mohammed Rafi
1967,14,Chhoti Si Mulaqat Pyar Ban Gayi,Chhoti Si Mulaqat,Mohammed Rafi
1967,15,O Haseena Zulfon Wali,Teesri Manzil,Mohammed Rafi; Asha Bhosle
1967,16,Dhani Chunri Pehen,Hare Kanch Ki Chudiyan,Asha Bhosle
1967,17,Mubarak Ho Sabko,Milan,Mukesh
1967,17,Hum Intezar Karenge,Bahu Begum,Mohammed Rafi; Asha Bhosle
1967,18,Meri Awaz Suno,Naunihal,Mohammed Rafi
1967,19,Kaliyon Ne Ghoonghat Khole,Dil Ne Phir Yaad Kiya,Mohammed Rafi
1967,20,Aankh Milaye Na Muskuraye Na,Milan Ki Raat,Mohammed Rafi
1967,21,Aaja Aaja Main Hoon Pyar Tera,Teesri Manzil,Mohammed Rafi; Asha Bhosle
1967,22,Main Dekhoon Jis Or Sakhi Ri,Anita,Lata Mangeshkar
1967,22,Bade Miya Deewane Aise Na Bano,Shagird,Mohammed Rafi
1967,23,Maa Mujhe Apne Aanchal Mein,Chhota Bhai,Lata Mangeshkar
1967,24,Aa Lag Ja Gale Dilruba,Dus Lakh,Mohammed Rafi
1967,25,Mere Desh Ki Dharti,Upkar,Mahendra Kapoor
1967,26,Pyar Mohabbat Ke Siwa,Pyar Mohabbat,Mohammed Rafi; Asha Bhosle
1967,27,Aayega Aayega Ek Chhail Chabila,Meharban,Mohammed Rafi
1967,28,Ram Kare Kahin Naina Na Uljhe,Gunahon Ka Devta,Lata Mangeshkar
1967,29,Aji Aisa Mauka Phir Kahan Milega,An Evening In Paris,Mohammed Rafi
1967,30,Chaha Tha Banu Pyar Ki Rahon Ka Devta,Gunahon Ka Devta,Mukesh
1967,30,Ye Raat Jaise Dulhan Ban Gayi,Ram Aur Shyam,Mohammed Rafi
1967,31,Kal Raat Zindagi Se Mulaqat,Palki,Mohammed Rafi
1967,32,Ye Kali Jab Talak Phool Ban Ke Khile,Aaye Din Bahar Ke,Mahendra Kapoor; Lata Mangeshkar
1968,1,Dil Vil Pyar Vyar Main Kya Jaanu Re,Shagird,Lata Mangeshkar
1968,2,Mere Samne Wali Khidki Mein,Padosan,Kishore Kumar
1968,3,Ae Neele Gagan Ke Tale,Hamraaz,Mahendra Kapoor
1968,4,Aajkal Tere Mere Pyar Ke Charche,Brahmachari,Mohammed Rafi; Suman Kalyanpur
1968,5,Chandan Sa Badan,Saraswati Chandra,Mukesh
1968,6,Honton Mein Aisi Baat,Jewel Thief,Lata Mangeshkar
1968,7,Aayi Hai Baharen Mite Zulm-O-Sitam,Ram Aur Shyam,Mohammed Rafi
1968,8,Milti Hai Zindagi Mein Mohabbat,Aankhen,Lata Mangeshkar
1968,9,Parde Mein Rehne Do,Shikar,Asha Bhosle
1968,10,Bata Doon Kya Laana Tum Laut Ke Aa Jana,Patthar Ke Sanam,Lata Mangeshkar
1968,11,Aasman Se Aaya Farishta,An Evening In Paris,Mohammed Rafi
1968,12,Humne Jo Dekhe Sapne,Parivar,Mahendra Kapoor; Lata Mangeshkar
1968,13,Unse Mili Nazar Ke Mere Hosh Ud Gaye,Jhuk Gaya Aasman,Lata Mangeshkar
1968,14,Chalo Sajna Jahan Tak Ghata Chale,Mere Humdum Mere Dost,Lata Mangeshkar
1968,15,Tumhari Nazar Kyon Khafa Ho Gayi,Do Kaliyan,Mohammed Rafi; Lata Mangeshkar
1968,16,Mera Naam Hai Chameli,Raja Aur Runk,Lata Mangeshkar
1968,17,Yeh Dil Na Hota Bechara,Jewel Thief,Kishore Kumar
1968,18,Kahan Chal Diye Idhar To Aao,Jhuk Gaya Aasman,Mohammed Rafi
1968,19,Tum Agar Saath Dene Ka Wada Karo,Hamraaz,Mahendra Kapoor
1968,20,Mehboob Mere Mehboob Mere,Patthar Ke Sanam,Mukesh; Lata Mangeshkar
1968,21,Bachche Man Ke Sachche,Do Kaliyan,Lata Mangeshkar
1968,22,Bade Miya Deewane,Shagird,Mohammed Rafi; Manna Dey
1968,23,Babul Ki Duayen Leti Ja,Neel Kamal,Mohammed Rafi
1968,24,Chhalkaye Jaam Aaiye,Mere Humdum Mere Dost,Mohammed Rafi
1968,25,Sawere Wali Gaadi Se,Laat Saheb,Mohammed Rafi
1968,26,Main Chali Main Chali,Padosan,Lata Mangeshkar; Asha Bhosle
1968,27,Chale The Saath Milke,Haseena Maan Jayegi,Mohammed Rafi
1968,28,Kasme Wade Pyar Wafa,Upkar,Manna Dey
1968,29,Dil Ke Jharokhe Mein,Brahmachari,Mohammed Rafi
1968,30,Aaj Ki Raat Mere Dil Ki Salami Le Le,Ram Aur Shyam,Mohammed Rafi
1968,31,Kaun Rokega Ab Pyar Ka Raasta,Ek Kali Muskayi,Lata Mangeshkar
1968,32,Mast Baharon Ka Main Aashiq,Farz,Mohammed Rafi
1969,1,Kaise Rahoon Chup,Intaqam,Lata Mangeshkar
1969,2,O Re Taal Mile Nadi Ke Jal Mein,Anokhi Raat,Mukesh
1969,3,Parai Hoon Parai,Kanyadan,Lata Mangeshkar
1969,4,Chal Akela Chal Akela,Sambandh,Mukesh
1969,6,Aa Mere Hamjoli Aa,Jeene Ki Raah,Mohammed Rafi; Mahendra Kapoor
1969,7,Chandi Ki Diwar Na Todi,Vishwas,Mukesh
1969,8,Likhe Jo Khat Tujhe,Kanyadan,Mohammed Rafi
1969,9,Je Hum Tum Chori Se,Dharti Kahe Pukar Ke,Lata Mangeshkar; Mukesh
1969,10,Yeh Parda Hata Do,Ek Phool Do Mali,Mohammed Rafi; Asha Bhosle
1969,11,Badan Pe Sitare Lapete Huye,Prince,Mohammed Rafi
1969,12,Ek Tera Saath Humko,Wapas,Lata Mangeshkar; Mohammed Rafi
1969,13,Kajra Mohabbat Wala,Kismat,Asha Bhosle; Shamshad Begum
1969,14,Mere Sapnon Ki Rani,Aradhana,Kishore Kumar
1969,15,O Ni Sultana Re,Pyar Ka Mausam,Lata Mangeshkar; Mohammed Rafi
1969,17,Tum Bin Jaoon Kahan,Pyar Ka Mausam,Mohammed Rafi
1969,17,Tum Bin Jaoon Kahan,Pyar Ka Mausam,Kishore Kumar
1969,18,Aane Se Uske Aaye Bahar,Jeene Ki Raah,Mohammed Rafi
1969,19,Badra Chhaye,Aya Sawan Jhoom Ke,Lata Mangeshkar; Mohammed Rafi
1969,20,Hay O Ganga Maiya,Suhaag Raat,Lata Mangeshkar
1969,21,Mera Pyar Bhi Tu Hai,Saathi,Mukesh; Suman Kalyanpur
1969,22,Ruk Ja Zara Kidhar Ko Chala,Izzat,Lata Mangeshkar
1969,23,Reshmi Dori Ho Kahan Jaiho,Sajan,Lata Mangeshkar; Mohammed Rafi
1969,24,Dil Ki Awaz Bhi Sun,Humsaya,Mohammed Rafi
1969,25,Mehbooba Mehbooba Bana Lo Mujhe Dulha,Sadhu Aur Shaitaan,Mohammed Rafi; Mehmood
1969,26,Jungle Mein Mor Nacha,Shatranj,Lata Mangeshkar
1969,27,Kab Tak Huzoor Roothe Rahoge,Aulaad,Lata Mangeshkar
1969,28,Mere Jeevan Saathi Kali Thi Main To,Saathi,Lata Mangeshkar
1969,30,Yaqeen Kar Lo Mujhe,Yakeen,Mohammed Rafi
1969,31,Hoye Bujho Puchho Woh Kaun Hai,Anjaana,Lata Mangeshkar; Mukesh
1969,32,Kora Kagaz Tha Yeh Man Mera,Aradhana,Kishore Kumar; Lata Mangeshkar
1969,33,Seekha Nahin Sabak Tune,Sapnon Ka Saudagar,Lata Mangeshkar
1969,34,Main To Bhool Chali Babul Ka Des,Saraswati Chandra,Lata Mangeshkar
1969,35,Ganga Meri Maa Ka Naam,Tumse Achha Kaun Hai,Mohammed Rafi
1969,36,Thandi Thandi Hawa Mein,Prince,Lata Mangeshkar
1970,1,Bindiya Chamkegi Chudi Khankegi,Do Raaste,Lata Mangeshkar
1970,2,Meri Pyari Bahaniya Banegi Dulhaniya,Sachha Jhutha,Kishore Kumar
1970,3,Rangeela Re Tere Rang Mein,Prem Pujari,Lata Mangeshkar
1970,4,Woh Pari Kahan Se Laoon,Pehchan,Mukesh; Suman Kalyanpur; Sharda
1970,5,Khilona Jan Kar Tum To Mera Dil Tod Jaate Ho,Khilona,Mohammed Rafi
1970,6,Iktara Bole Tun Tun,Yaadgar,Mahendra Kapoor
1970,7,Ye Dil Deewana Hai,Ishq Par Zor Nahin,Lata Mangeshkar; Mohammed Rafi
1970,8,Sa Re Ga Ma Pa Main Hoon Bahar,Abhinetri,Kishore Kumar; Lata Mangeshkar
1970,9,Sharifon Ka Zamane Mein,Sharafat,Lata Mangeshkar
1970,10,Shokhiyon Mein Ghola Jaye,Prem Pujari,Kishore Kumar; Lata Mangeshkar
1970,11,Shadi Ke Liye Razamand Kar Li,Devi,Mohammed Rafi
1970,12,Chup Gaye Sare Nazare,Do Raaste,Mohammed Rafi
1970,13,Zindagi Ittifaq Hai,Aadmi Aur Insaan,Asha Bhosle; Mahendra Kapoor
1970,14,Hoye Bujho Puchho Woh Kaun Hai,Anjaana,Lata Mangeshkar; Mukesh
1970,15,Kora Kagaz Tha Yeh Man Mera,Aradhana,Kishore Kumar; Lata Mangeshkar
1970,16,Hai Shukr Ki Tu Hai Ladka,Himmat,Mohammed Rafi
1970,17,Chale Ja Jahan Pyar Mile,Jahan Pyar Mile,Mohammed Rafi
1970,18,Jhilmil Sitaron Ka Aangan Hoga,Jeevan Mrityu,Lata Mangeshkar; Mohammed Rafi
1970,19,E Bhai Zara Dekh Ke Chalo,Mera Naam Joker,Manna Dey
1970,20,Baghon Mein Bahar Hai,Aradhana,Lata Mangeshkar; Mohammed Rafi
1970,21,Zindagi Ka Safar Hai Ye Kaisa Safar,Safar,Kishore Kumar
1970,22,Roop Tera Mastana,Aradhana,Kishore Kumar
1970,23,Khai Hai Re Humne Qasam,Talash,Lata Mangeshkar
1970,24,Kaan Mein Jhumka Chaal Mein Thumka,Sawan Bhadon,Mohammed Rafi
1970,25,Duniya Hanse Hansati Rahe,Ganwar,Mohammed Rafi
1970,26,Kehta Hai Joker Sara Zamana,Mera Naam Joker,Mukesh
1970,27,Munne Ki Amma Ye To Bata,Tum Haseen Main Jawan,Kishore Kumar
1970,28,Hai Re Hai Neend Nahi Aaye,Humjoli,Lata Mangeshkar; Mohammed Rafi
1970,29,Meri Lottery Lag Jane Wali Hai,Holi Ayee Re,Kishore Kumar
1970,30,Doli Chadh Ke Dulhan Sasural Chali,Doli,Mahendra Kapoor
1970,31,Mere Mitwa Mere Meet Re,Geet,Lata Mangeshkar; Mohammed Rafi
1970,32,Phoolon Ke Rang Se,Prem Pujari,Kishore Kumar
1970,33,Ek Padosan Pichhe Pad Gayi,Gopi,Lata Mangeshkar; Mahendra Kapoor
1971,1,Zindagi Ek Safar Hai Suhana,Andaz,Kishore Kumar
1971,2,Achha To Hum Chalte Hain,Aan Milo Sajna,Kishore Kumar; Lata Mangeshkar
1971,3,Ye Jo Mohabbat Hai,Kati Patang,Kishore Kumar
1971,4,Guni Janon Re Bhakt Janon,Aansoo Aur Muskan,Kishore Kumar
1971,4,Sachhai Chhup Nahin Sakti,Dushman,Kishore Kumar
1971,5,Rama Rama Gazab Hui Gawa Re,Naya Zamana,Lata Mangeshkar
1971,6,Chal Chal Chal Mere Saathi,Haathi Mere Saathi,Kishore Kumar
1971,7,Zindagi Kaisi Hai Paheli,Anand,Manna Dey
1971,8,Hai Na Bolo Bolo,Andaz,Mohammed Rafi; Suman Kalyanpur; Sushma Shrestha
1971,9,Mujhko Thand Lag Rahi Hai,Main Sundar Hoon,Kishore Kumar; Asha Bhosle
1971,10,Twinkle Twinkle Little Star,Purab Aur Pachhim,Asha Bhosle; Mahendra Kapoor
1971,10,Aap Yahan Aaye Kisliye,Kal Aaj Aur Kal,Kishore Kumar; Asha Bhosle
1971,11,Piya Tu Ab To Aaja,Caravan,Asha Bhosle; R.D. Burman
1971,12,He Re Kanhaiya Kisko Kahega Tu Maiya,Chhoti Bahu,Kishore Kumar
1971,13,Naach Meri Jaan,Main Sundar Hoon,Kishore Kumar; Asha Bhosle
1971,14,Tumko Bhi To Aisa Hi Kuchh Hota Hoga,Aap Aye Bahar Ayee,Kishore Kumar; Lata Mangeshkar
1971,15,Chupke Se Dil De De,Maryada,Kishore Kumar; Lata Mangeshkar
1971,16,Jeevan Ki Bagiya Mahkegi,Tere Mere Sapne,Kishore Kumar; Lata Mangeshkar
1971,17,Maine Tere Liye Hi Saat Rang Ke Sapne Chune,Anand,Mukesh
1971,18,O Mere Raja,Johny Mera Naam,Kishore Kumar; Asha Bhosle
1971,19,Yeh Sham Mastani,Kati Patang,Kishore Kumar
1971,20,Chanda O Chanda,Lakhon Mein Ek,Kishore Kumar; Lata Mangeshkar
1971,21,Khilte Hain Gul Yahan,Sharmilee,Lata Mangeshkar
1971,22,O Mitwa Yeh Duniya To Kya Hai,Jal Bin Machhli Nritya Bin Bijli,Lata Mangeshkar
1971,23,Main To Har Mod Par,Chetna,Mukesh
1971,24,Koi Jab Tumhara Hriday Tod De,Purab Aur Pachhim,Mukesh
1971,25,O Meri Sharmilee,Sharmilee,Kishore Kumar
1971,26,Taron Mein Sajke Apne Suraj Se,Jal Bin Machhli Nritya Bin Bijli,Mukesh
1971,27,Bhali Bhali Si Ek Surat,Buddha Mil Gaya,Kishore Kumar; Asha Bhosle
1971,28,Sama Hai Suhana Suhana,Ghar Ghar Ki Kahani,Kishore Kumar
1971,29,Hai Preet Jahan Ki Reet Sada,Purab Aur Pachhim,Mahendra Kapoor
1971,30,Pal Bhar Ke Liye Koi Hamen Pyar Kar Le,Johny Mera Naam,Kishore Kumar
1971,31,Yahan Wahan Sare Jahan Mein,Aan Milo Sajna,Kishore Kumar
1971,32,Sona Lai Ja Re,Mera Gaon Mera Desh,Lata Mangeshkar
1971,34,Ladki Chale Jab Sadkon Pe,Seema,Kishore Kumar
1971,35,Tik Tik Tik Tik,Kal Aaj Aur Kal,Kishore Kumar; Asha Bhosle; Mukesh
1972,1,Dum Maro Dum,Hare Rama Hare Krishna,Asha Bhosle; Usha Iyer
1972,2,Inhin Logon Ne Le Lina Dupatta Mera,Pakeezah,Lata Mangeshkar
1972,3,Chalte Chalte Yunhi Koi Mil Gaya Tha,Pakeezah,Lata Mangeshkar
1972,5,Chingari Koi Bhadke,Amar Prem,Kishore Kumar
1972,7,Duniya Mein Logon Ko Dhokha,Apna Desh,Asha Bhosle; R.D. Burman
1972,8,Ye Jeevan Hai Is Jeevan Ka,Piya Ka Ghar,Kishore Kumar
1972,9,Ye Kya Hua Kaise Hua,Amar Prem,Kishore Kumar
1972,11,Aankhon Aankhon Mein Baat Hone Do,Aankhon Aankhon Mein,Kishore Kumar; Asha Bhosle
1972,12,A B C D Chhodo Naina Se Naina Jodo,Raja Jani,Lata Mangeshkar
1972,12,Hamare Siwa Tumhare Aur Kitne Deewane Hain,Apradh,Kishore Kumar; Lata Mangeshkar
1972,13,O Mere Dil Ke Chain,Mere Jeevan Saathi,Kishore Kumar
1972,13,Main To Chala Jidhar Chale Rasta,Dhadkan,Kishore Kumar
1972,14,Kanchi Re Kanchi Re,Hare Rama Hare Krishna,Kishore Kumar; Lata Mangeshkar
1972,15,Rampur Ka Wasi Hoon,Rampur Ka Lakshman,Kishore Kumar
1972,16,Main Ek Raja Hoon Tu Ek Rani Hai,Uphaar,Mohammed Rafi
1972,17,Hurra Ho Mara Sun Champa Sun Tara,Apna Desh,Kishore Kumar; Lata Mangeshkar
1972,18,Geet Gata Hoon Main,Lal Patthar,Kishore Kumar
1972,20,Shishi Bhari Gulab Ki,Jeet,Lata Mangeshkar
1972,21,Bole Re Papihara,Guddi,Vani Jairam
1972,22,Ik Cheez Mangte Hain Kya,Babul Ki Galiyan,Kishore Kumar; Asha Bhosle
1972,23,Dil Ki Baaten Dil Hi Jane,Roop Tera Mastana,Kishore Kumar; Lata Mangeshkar
1972,24,Hamare Desh Mein Hamne Gaon Ke Panghat Pe,Ek Bechara,Mukesh
1972,25,Dil Ki Kitab Kori Hai,Yaar Mera,Mohammed Rafi; Suman Kalyanpur
1972,26,Jane Jaan Dhundhta Phir Raha Hoon,Jawani Diwani,Kishore Kumar; Asha Bhosle
1972,27,Jane Mujhe Kya Hua Re,Janwar Aur Insaan,Kishore Kumar; Lata Mangeshkar
1972,28,Ladki Punjab Di,Mom Ki Gudiya,Mohammed Rafi
1972,30,Nainon Mein Nindiya Hai,Joru Ka Ghulam,Kishore Kumar; Lata Mangeshkar
1972,31,Mujhe Aisi Mili Hasina,Janwar Aur Insaan,Kishore Kumar
1972,32,Na Tu Zameen Ke Liye,Dastan,Mohammed Rafi
1972,36,Chadti Jawani Meri Chal Mastani,Caravan,Lata Mangeshkar; Mohammed Rafi
1972,37,Aaiye Aapko Main Apne Bangle Ki Sair,Joru Ka Ghulam,Kishore Kumar
1973,1,Yaari Hai Imaan Mera Yaar Meri Zindagi,Zanjeer,Manna Dey
1973,2,Hum Tum Ek Kamre Mein Band Hon,Bobby,Lata Mangeshkar; Shailendra Singh
1973,3,Do Bechare Bina Sahare,Victoria No. 203,Kishore Kumar; Mahendra Kapoor
1973,4,Meri Bheegi Bheegi Si,Anamika,Kishore Kumar
1973,5,Samjhauta Ghamon Se Kar Lo,Samjhauta,Kishore Kumar
1973,5,Are Rafta Rafta Dekho Aankh Meri Ladi Hai,Kahani Kismat Ki,Kishore Kumar
1973,6,Tere Nainon Ke Main Deep Jalaunga,Anuraag,Mohammed Rafi; Lata Mangeshkar
1973,7,Ab Chahe Maa Roothe Ya Baba,Daag,Kishore Kumar; Lata Mangeshkar
1973,8,Yaari Ho Gayi Yaar Se,Do Chor,Lata Mangeshkar
1973,9,Dheere Se Jana Khatiya Mein,Chhupa Rustam,Kishore Kumar
1973,10,Jab Andhera Hota Hai,Raja Rani,Asha Bhosle; Bhupinder Singh
1973,11,Hawa Ke Saath Saath,Seeta Aur Geeta,Kishore Kumar; Asha Bhosle
1973,12,A B C D Chhodo,Raja Jani,Lata Mangeshkar
1973,13,O Mere Dil Ke Chain,Mere Jeevan Saathi,Kishore Kumar
1973,15,Muthu Kodi Kawadi Hada,Do Phool,Asha Bhosle; Mehmood
1973,16,Tere Mere Milan Ki Yeh Raina,Abhimaan,Kishore Kumar; Lata Mangeshkar
1973,17,Dheere Dheere Bol Koi Sun Na Le,Gora Aur Kala,Mukesh; Lata Mangeshkar
1973,18,Gir Gaya Jhumka Girne Do,Jugnu,Kishore Kumar; Lata Mangeshkar
1973,19,Kali Palak Teri Gori,Do Chor,Kishore Kumar; Lata Mangeshkar
1973,20,Mere Dil Mein Aaj Kya Hai,Daag,Kishore Kumar
1973,21,Main Ek Chor Tu Meri Rani,Raja Rani,Kishore Kumar; Lata Mangeshkar
1973,22,Sansar Ki Har Shay Ka,Dhund,Mahendra Kapoor
1973,23,Meet Na Mila Re Man Ka,Abhimaan,Kishore Kumar
1973,24,Chal Chalen Ae Dil,Jheel Ke Us Paar,Lata Mangeshkar
1973,25,Musafir Hoon Yaaron,Parichay,Kishore Kumar
1973,26,Tu Na Mili To Hum Jogi Ban Jayenge,Victoria No. 203,Kishore Kumar
1973,27,Gori Gori Gaon Ki Gori Re,Yeh Gulistan Hamara,Kishore Kumar; Lata Mangeshkar
1973,28,Gum Hai Kisike Pyar Mein,Rampur Ka Lakshman,Kishore Kumar; Lata Mangeshkar
1973,29,Aaj Mausam Bada Beimaan Hai,Loafer,Mohammed Rafi
1973,30,Bure Bhi Hum Bhale Bhi Hum,Banarasi Babu,Kishore Kumar
1973,31,Sun Ri Pawan Pawan Purwaiya,Anuraag,Lata Mangeshkar
1973,32,Jhoot Bole Kauwa Kaate,Bobby,Lata Mangeshkar; Shailendra Singh
1973,33,Deewane Hain Deewanon Ko,Zanjeer,Mohammed Rafi; Lata Mangeshkar
1973,34,Usne Macha Diya Shor,Shor,Lata Mangeshkar
1973,35,Kayi Sadiyon Se Kayi Janmon Se,Milap,Mukesh
1973,36,Bahon Mein Chale Aao,Anamika,Lata Mangeshkar
1974,1,Mehngai Maar Gayi,Roti Kapada Aur Makaan,Narendra Chanchal; Jani Babu Qawwal; Lata Mangeshkar; Mukesh
1974,1,Mera Jeevan Kora Kagaz,Kora Kagaz,Kishore Kumar
1974,2,Hai Hai Yeh Majboori,Roti Kapada Aur Makaan,Lata Mangeshkar
1974,2,Jai Bolo Shiv Shankar Ki Jai,Aap Ki Kasam,Kishore Kumar; Lata Mangeshkar
1974,3,Jhoot Bole Kauwa Kaate,Bobby,Lata Mangeshkar; Shailendra Singh
1974,4,Chunari Gote Mein,Kunwara Baap,Mohammed Rafi; Mehmood
1974,4,Gaadi Bula Rahi Hai,Dost,Kishore Kumar
1974,6,Peene Walon Ko Peene Ka Bahana Chahiye,Haath Ki Safai,Kishore Kumar
1974,8,Le Jayenge Dilwale Dulhaniya Le Jayenge,Chor Machaye Shor,Kishore Kumar; Asha Bhosle
1974,9,Jhoom Barabar Jhoom Sharabi,5 Rifles,Aziz Nazan
1974,10,Teri Galiyon Mein Na Rakhenge Qadam,Hawas,Mohammed Rafi
1974,11,Chura Liya Hai Tumne Jo Dil Ko,Yaadon Ki Baarat,Asha Bhosle
1974,12,Main Shayar To Nahin,Bobby,Shailendra Singh
1974,13,Ye Dil Aur Unki Nigahon Ke Saye,Prem Parbat,Lata Mangeshkar
1974,14,Panna Ki Tamanna Hai Ki Heera Mujhe Mil Jaye,Heera Panna,Kishore Kumar; Lata Mangeshkar
1974,15,Raaz Ki Baat Keh Doon To,Dharma,Mohammed Rafi; Asha Bhosle
1974,16,Meet Na Mila Re Man Ka,Abhimaan,Kishore Kumar
1974,17,Main Hoon Ghoda Ye Hai Gaadi,Kunwara Baap,Kishore Kumar; Mehmood
1974,19,Ek Daal Par Tota Bole,Chor Machaye Shor,Lata Mangeshkar; Mohammed Rafi
1974,20,Aapke Kamre Mein Koi Rehta Hai,Yaadon Ki Baarat,Kishore Kumar; Asha Bhosle; R.D. Burman
1974,22,Shor Mach Gaya Shor Dekho Aaya Makhan Chor,Badla,Kishore Kumar
1974,23,Tu Ru Ru Tera Mera Pyar Shuru,Jwar Bhata,Kishore Kumar
1974,24,O Manchali Kahan Chali,Manchali,Kishore Kumar
1974,25,Gham Ka Fasana Ban Gaya Achha,Manchali,Kishore Kumar
1974,26,Ye Samjho Aur Samjhao,Jwar Bhata,Kishore Kumar; Lata Mangeshkar
1974,27,Chup Chup Kyon Baithi Ho,Humrahi,Mohammed Rafi
1974,28,Aaya Hoon Main Tujhko Le Jaunga,Manoranjan,Kishore Kumar; Asha Bhosle
1974,29,Wada Kar Le Sajna,Haath Ki Safai,Lata Mangeshkar; Mohammed Rafi
1974,30,Sala Main To Sahab Ban Gaya,Sagina,Kishore Kumar
1974,31,Yadon Ki Barat Nikli Hai Aaj,Yaadon Ki Baarat,Kishore Kumar; Mohammed Rafi
1974,32,Baith Ja Khadi Ho Ja,Amir Garib,Kishore Kumar; Lata Mangeshkar
1975,1,Mehngai Maar Gayi,Roti Kapada Aur Makaan,Narendra Chanchal; Jani Babu Qawwal; Lata Mangeshkar; Mukesh
1975,2,Hai Hai Yeh Majboori,Roti Kapada Aur Makaan,Lata Mangeshkar
1975,3,Bhool Gaya Sab Kuchh,Julie,Kishore Kumar; Lata Mangeshkar
1975,4,Geet Gata Chal O Saathi,Geet Gaata Chal,Jaspal Singh
1975,5,Tere Bina Zindagi Se Koi Shikwa To Nahin,Aandhi,Kishore Kumar; Lata Mangeshkar
1975,5,Chal Sanyasi Mandir Mein,Sanyasi,Lata Mangeshkar; Mukesh
1975,6,Mehbooba Mehbooba,Sholay,R.D. Burman
1975,6,Wada Kar Le Sajna,Haath Ki Safai,Mohammed Rafi; Lata Mangeshkar
1975,7,Dil Aisa Kisi Ne Mera Toda,Amanush,Kishore Kumar
1975,8,Shyam Teri Bansi Pukare Radha Naam,Geet Gaata Chal,Jaspal Singh; Aarti Mukherjee
1975,8,Rajnigandha Phool Tumhare,Rajnigandha,Lata Mangeshkar
1975,9,Yeh Dosti Hum Nahin Todenge,Sholay,Kishore Kumar; Manna Dey
1975,10,Prem Kahani Mein,Prem Kahani,Kishore Kumar; Lata Mangeshkar
1975,11,Hum Dono Do Premi,Ajnabee,Kishore Kumar; Lata Mangeshkar
1975,12,O Manjhi Re Apna Kinara,Khushboo,Kishore Kumar
1975,13,Kabhi Khole Na Tijori Ka Tala,Bidaai,Kishore Kumar
1975,14,Is Mod Se Jaate Hain,Aandhi,Kishore Kumar; Lata Mangeshkar
1975,15,Ye Jo Public Hai,Roti,Kishore Kumar
1975,16,Jalta Hai Jiya Mera Bheegi Bheegi,Zakhmee,Kishore Kumar; Asha Bhosle
1975,18,O Hansini Meri Hansini,Zehreela Insaan,Kishore Kumar
1975,19,My Heart Is Beating,Julie,Preeti Sagar
1975,21,Aayegi Zaroor Chitthi,Dulhan,Lata Mangeshkar
1975,22,Dil Kya Kare Jab Kisise,Julie,Kishore Kumar
1975,24,Mehbooba Mehbooba,Sholay,R.D. Burman
1975,25,Chal Sanyasi Mandir Mein,Sanyasi,Lata Mangeshkar
1975,26,Main Jat Yamla Pagla Deewana,Pratigya,Mohammed Rafi
1975,29,Ruk Ja Na O Jana,Warrant,Kishore Kumar
1975,30,Koi Haseena Jab Rooth Jaati Hai,Sholay,Kishore Kumar
1975,31,Tere Chehre Mein Woh Jadu Hai,Dharmatma,Kishore Kumar
1975,32,Sun Baal Brahmachari,Sanyasi,Mukesh; Lata Mangeshkar
1976,1,Kabhi Kabhi Mere Dil Mein,Kabhi Kabhie,Mukesh
1976,2,Ek Din Bik Jayega Mati Ke Mol,Dharam Karam,Mukesh
1976,3,Mai Toh Aarti Utaru Re Santoshi Mata Ki,Jai Santoshi Maa,Usha Mangeshkar
1976,4,Geet Gaata Chal O Saathi Gungunata Chal,Geet Gaata Chal,Jaspal Singh
1976,5,Chal Sanyasi Mandir Mein,Sanyasi,Mukesh; Lata Mangeshkar
1976,6,Mehbooba Mehbooba,Sholay,R.D. Burman
1976,7,Main Pal Do Pal Ka Shayar Hoon,Kabhi Kabhie,Mukesh
1976,8,Shyam Teri Bansi Pukare Radha Naam,Geet Gaata Chal,Aarti Mukherjee; Jaspal Singh
1976,9,Yeh Dosti Hum Nahin Todenge,Sholay,Kishore Kumar; Manna Dey
1976,10,Ye Duniya Ek Numbri To Main Dus Numbri,Dus Numbri,Mukesh
1976,11,Apne Jeevan Ki Uljhan Ko Kaise Main Suljhaun,Uljhan,Kishore Kumar
1976,12,Dil Dhundhta Hai Phir Wohi Fursat Ke Raat Din,Mausam,Lata Mangeshkar; Bhupinder Singh
1976,13,Sun Bal Brahmachari Main Hoon Kanya Kunwari,Sanyasi,Mukesh; Lata Mangeshkar
1976,14,Gori Tera Gaon Bada Pyara,Chitchor,Yesudas
1976,15,Ye Hai Geeta Ka Gyaan,Sanyasi,Lata Mangeshkar; Mukesh
1976,16,Parbat Ke Peechhe Chambe Da Gaon,Mehbooba,Kishore Kumar; Lata Mangeshkar
1976,17,Mere Naina Sawan Bhadon,Mehbooba,Lata Mangeshkar
1976,18,Chalte Chalte Mere Ye Geet Yaad Rakhna,Chalte Chalte,Kishore Kumar
1976,19,Dariya Kinare Ek Bungalow,Sabse Bada Rupaiya,Kishore Kumar; Lata Mangeshkar
1976,20,Koi Haseena Jab Rooth Jaati Hai,Sholay,Kishore Kumar
1976,21,Jaaneman Jaaneman Tere Do Nayan,Chhoti Si Baat,Yesudas; Asha Bhosle
1976,22,Jaaneman Jaaneman,Jaaneman,Kishore Kumar
1976,23,Ruk Jaana O Jaana,Warrant,Kishore Kumar
1976,24,Mujhe Dard Rehta Hai,Dus Numbri,Lata Mangeshkar; Mukesh
1976,25,Ke Aaja Teri Yaad Aayi O Baalam,Charas,Lata Mangeshkar; Mohammed Rafi
1976,26,Kal Ki Haseen Mulaqaat Ke Liye,Charas,Kishore Kumar; Lata Mangeshkar
1976,27,Tota Maina Ki Kahani To Purani Purani Ho Gayi,Fakira,Kishore Kumar; Lata Mangeshkar
1976,28,Jijaji Meri Jiji Hai Anadi,Ponga Pandit,Kishore Kumar; Asha Bhosle; Usha Mangeshkar
1976,29,Seema Seema Seema Sahne Ki Bhi Hai Koi Seema,Salaakhen,Kishore Kumar; Asha Bhosle
1976,30,Tu Kahan Gayi Thi Tera Mar Jaye Sanwariya,Dharam Karam,Lata Mangeshkar; Kishore Kumar
1976,31,Main Tumse Mohabbat Karti Hoon,Warrant,Lata Mangeshkar
1976,32,Koi Aaya Aane Bhi De Koi Gaya,Kala Sona,Asha Bhosle
1976,33,Maine Kya Ji Oye Ki Gal Hai,Jaaneman,Kishore Kumar; Lata Mangeshkar
1977,1,Husn Hazir Hai Mohabbat Ki Saza Paane Ko,Laila Majnu,Lata Mangeshkar
1977,2,Pardon Mein Rehne Do Parda Na Uthao,Amar Akbar Anthony,Mohammed Rafi
1977,3,O Meri Mehbooba,Dharam Veer,Mohammed Rafi
1977,4,Naam Gum Jayega Chehra Ye Badal Jayega,Kinara,Bhupinder Singh; Lata Mangeshkar
1977,5,Aap Ke Anurodh Pe Main Ye Geet Sunata Hoon,Anurodh,Kishore Kumar
1977,6,Jab Deep Jale Aana Jab Shaam Dhale Aana,Chitchor,Yesudas; Hemlata
1977,7,Suhani Chandni Raatein Humein Sone Nahin Deti,Mukti,Mukesh
1977,8,Tere Dar Pe Aaya Hoon,Laila Majnu,Mohammed Rafi
1977,9,Hum Banjaron Ki Baat Mat Puchho Ji,Dharam Veer,Lata Mangeshkar; Kishore Kumar
1977,10,Anhoni Ko Honi Kar De,Amar Akbar Anthony,Kishore Kumar; Shailendra Singh; Mahendra Kapoor
1977,11,Bambai Se Aaya Mera Dost,Aap Ki Khatir,Bappi Lahiri
1977,12,Is Reshmi Paijeb Ki Jhankar Ke Sadke,Laila Majnu,Lata Mangeshkar; Mohammed Rafi
1977,13,Sunke Teri Pukar Sang Chalne Ko Tere,Fakira,Kishore Kumar; Lata Mangeshkar
1977,14,Aaj Se Pehle Aaj Se Zyada,Chitchor,Yesudas
1977,15,Ek Se Badhkar Ek Main Layi Hoon Tohfe Anek,Ek Se Badhkar Ek,Runa Laila
1977,16,Gaon Mein Hote Haste Rote,Dildaar,Asha Bhosle; Kishore Kumar
1977,17,Yaar Dildar Tujhe Kaisa Chahiye,Chhaila Babu,Asha Bhosle; Kishore Kumar
1977,18,Ab Ke Na Sawan Barse,Kinara,Lata Mangeshkar
1977,19,Ae Chori Chori Chupke Chupke,Bullet,Asha Bhosle; Kishore Kumar
1977,20,Bure Kaam Ka Bura Natija,Chacha Bhatija,Mohammed Rafi; Shailendra Singh
1977,21,Chand Mera Dil Chandni Ho Tum,Hum Kisise Kum Naheen,Mohammed Rafi; Asha Bhosle; Kishore Kumar
1977,22,Aur Waqt Ki Hera Pheri Hai,Hera Pheri,Kishore Kumar; Mahendra Kapoor
1977,23,Kisi Shayar Ki Ghazal,Dream Girl,Kishore Kumar
1977,24,Koyi Mane Ya Na Mane,Kabeela,Kishore Kumar
1977,25,Bade Achhe Lagte Hain,Balika Badhu,Amit Kumar
1977,26,Hai Agar Dushman,Hum Kisise Kum Naheen,Mohammed Rafi; Asha Bhosle
1977,27,Yaadon Mein Woh Sapnon Mein Hai,Swami,Kishore Kumar
1977,28,Meri Dilruba Dilruba Mere Paas Aa,Aap Beati,Kishore Kumar; Lata Mangeshkar; Usha Mangeshkar
1977,29,Khoon Pasine Ki Jo Milegi To Khayenge,Khoon Pasina,Kishore Kumar
1977,30,Aap Sa Koi Haseen,Chandi Sona,Asha Bhosle; Kishore Kumar
1977,31,Sone Ka Chabutara Uspe Nache Mor,Hatyara,Lata Mangeshkar; Kishore Kumar
1977,32,Ameer Se Hoti Hai Aaj Mere Yaar Ki Shaadi Hai,Aadmi Sadak Ka,Mohammed Rafi
1977,33,Aate Jaate Khoobsurat Aawara Sadkon Pe,Anurodh,Kishore Kumar
1977,34,Sare Mahfil Mera Imaan Beimaan Ho Gaya,Ab Kya Hoga,Asha Bhosle; Mohammed Rafi
1977,35,Kya Hua Tera Wada Woh Kasam Woh Irada,Hum Kisise Kum Naheen,Mohammed Rafi; Sushma Shrestha
1977,36,Main Pital Ki Payal Bhi Pehnun Jo Paon Mein,Kasam Khoon Ki,Lata Mangeshkar
1977,37,Dilruba Aa Meri Baahon Mein,Yehi Hai Zindagi,Lata Mangeshkar; Kishore Kumar
1977,38,Samay Tu Dheere Dheere Chal,Karm,Kishore Kumar; Asha Bhosle
1977,39,Sun Jiniya Nahin Karunga Ab Galti,Ginny Aur Johnny,Vijeta Pandit; Kishore Kumar
1977,40,Tayyab Ali Pyar Ka Dushman,Amar Akbar Anthony,Mohammed Rafi
1977,41,Uljhan Hazar Koi Dale,Chandi Sona,Asha Bhosle; Kishore Kumar; Manna Dey
1978,1,Ankhiyon Ke Jharokhon Se,Ankhiyon Ke Jharokhon Se,Hemlata
1978,2,Aadmi Musafir Hai Aata Hai Jaata Hai,Apnapan,Lata Mangeshkar; Mohammed Rafi
1978,3,Kya Hua Tera Wada Woh Kasam Woh Irada,Hum Kisise Kum Naheen,Mohammed Rafi; Sushma Shrestha
1978,4,Khaike Paan Banaraswala,Don,Kishore Kumar
1978,5,Qasme Waade Pyar Wafa,Kasme Vaade,Kishore Kumar; Lata Mangeshkar
1978,6,Do Deewane Sheher Mein,Gharaonda,Bhupinder Singh; Runa Laila
1978,7,Yashomati Maiya Se Bole Nandlala,Satyam Shivam Sundaram,Lata Mangeshkar; Manna Dey
1978,8,Har Taraf Husn Aur Jawani Hai,Trishul,Lata Mangeshkar; Yesudas; Kishore Kumar
1978,9,Tu Pi Aur Ji,Des Pardes,Kishore Kumar
1978,10,Mano To Main Ganga Maa Hoon,Ganga Ki Saugandh,Lata Mangeshkar
1978,11,Tere Bina Jiya Jaaye Na,Ghar,Lata Mangeshkar
1978,12,Dhanno Ki Aankhon Mein Hai Raat Ka Surma,Kitaab,R.D. Burman
1978,13,Aap Kahen Aur Hum Na Aayein,Des Pardes,Lata Mangeshkar
1978,14,Mana Ho Tum Behad Haseen,Toote Khilone,Yesudas
1978,15,Gabuchi Gabuchi Gam Gam,Trishul,Lata Mangeshkar; Nitin Mukesh
1978,16,Ameer Se Hoti Hai Aaj Mere Yaar Ki Shaadi,Aadmi Sadak Ka,Mohammed Rafi
1978,17,Kya Mausam Hai,Doosra Aadmi,Kishore Kumar; Lata Mangeshkar; Mohammed Rafi
1978,18,Chand Mera Dil Chandni Ho Tum,Hum Kisise Kum Naheen,Mohammed Rafi; Asha Bhosle; Kishore Kumar
1978,19,Jab Aati Hogi Yaad Meri,Phaansi,Mohammed Rafi; Sulakshana Pandit
1978,20,Are Deewano Mujhe Pehchano,Don,Kishore Kumar
1978,21,Pyar Manga Hai Tumhi Se,College Girl,Kishore Kumar
1978,22,Jaisa Des Waisa Bhes,Des Pardes,Kishore Kumar; Lata Mangeshkar
1978,23,Main Tulsi Tere Aangan Ki,Main Tulsi Tere Aangan Ki,Lata Mangeshkar
1978,24,Chanchal Sheetal Nirmal Komal,Satyam Shivam Sundaram,Mukesh
1978,25,Meri Dushman Hai Ye Meri Uljhan Hai Ye,Main Tulsi Tere Aangan Ki,Mohammed Rafi
1978,26,Hum Premi Prem Karna Jaane,Parvarish,Shailendra Singh; Mohammed Rafi; Kishore Kumar
1978,27,Dil Se Mile Dil,Dil Se Miley Dil,Kishore Kumar
1978,28,Somvar Ko Hum Mile Mangalvar Ko Nain,Apnapan,Sulakshana Pandit; Kishore Kumar
1978,29,Din Ba Din Wo Mere Dil Se,Trishna,Lata Mangeshkar
1978,30,Hum Bewafa Hargiz Na The,Shalimar,Kishore Kumar
1979,1,Khaike Paan Banaraswala,Don,Kishore Kumar
1979,2,O Saathi Re Tere Bina Bhi Kya Jeena,Muqaddar Ka Sikandar,Kishore Kumar
1979,3,Noorie,Noorie,Lata Mangeshkar; Nitin Mukesh
1979,4,Na Jaane Kaise Pal Mein Badal Jaate Hain,Badaltey Rishtey,Kishore Kumar; Mohammed Rafi; Suman Kalyanpur
1979,5,Hum Bewafa Hargiz Na The,Shalimar,Kishore Kumar
1979,6,Main Tulsi Tere Aangan Ki,Main Tulsi Tere Aangan Ki,Lata Mangeshkar
1979,7,Jijaji Jijaji Hone Wale Jijaji,Saajan Bina Suhagan,Suresh Wadkar; Dilraj Kaur; Anuradha Paudwal
1979,8,Mere Paas Aao Mere Doston,Mr. Natwarlal,Amitabh Bachchan; Master Ravi
1979,9,Salam-E-Ishq Meri Jaan,Muqaddar Ka Sikandar,Lata Mangeshkar; Kishore Kumar
1979,10,Tere Haathon Mein Pehna Ke Chudiyan,Jaani Dushman,Mohammed Rafi; Asha Bhosle
1979,11,Madhuban Khushboo Deta Hai,Saajan Bina Suhagan,Yesudas; Anuradha Paudwal
1979,12,Dil Ke Tukde Tukde Karke Muskura Ke Chal Diye,Dada,Yesudas
1979,13,Rote Hue Aate Hain Sab Hansta Hua Jo Jayega,Muqaddar Ka Sikandar,Kishore Kumar
1979,14,Ek Rasta Hai Zindagi Jo Tham Gaye To Kuch Nahin,Kaala Patthar,Kishore Kumar; Lata Mangeshkar
1979,15,O Meri Jaan,Jaani Dushman,Kishore Kumar; Anuradha Paudwal
1979,16,Main Tere Pyar Mein Pagal,Prem Bandhan,Lata Mangeshkar; Kishore Kumar
1979,17,Sawan Ke Jhoole Pade,Jurmana,Lata Mangeshkar
1979,18,One Two Cha Cha Cha,Shalimar,Usha Uthup
1979,19,Nahin Nahin Koi Tumsa Haseen,Swarg Narak,Kishore Kumar; Asha Bhosle
1979,20,Meri Dushman Hai Ye Meri Uljhan Hai Ye,Main Tulsi Tere Aangan Ki,Mohammed Rafi
1979,21,Do Lafzon Ki Hai Dil Ki Kahani,The Great Gambler,Asha Bhosle; Amitabh Bachchan
1979,22,Thande Thande Paani Se Nahana Chahiye,Pati Patni Aur Woh,Kishore Kumar
1979,23,Din Ba Din Wo Mere Dil Se,Trishna,Lata Mangeshkar
1979,24,Aaina Wohi Rehta Hai Chehre Badal Jaate Hain,Shalimar,Lata Mangeshkar
1979,25,Leena O Leena Dil Tune Chheena,Swarg Narak,Kishore Kumar
1979,26,Chalo Re Doli Uthao Kahar,Jaani Dushman,Mohammed Rafi
1979,27,Gulmohar Agar Tumhara Naam Hota,Devata,Lata Mangeshkar; Kishore Kumar
1979,28,Pardesia Ye Sach Hai Piya,Mr. Natwarlal,Kishore Kumar; Lata Mangeshkar
1979,29,Suniye Kahiye Kahte Sunte Baaton Baaton Mein,Baton Baton Mein,Asha Bhosle; Kishore Kumar
1979,30,Baahon Mein Teri Masti Ke Ghere,Kaala Patthar,Lata Mangeshkar; Mohammed Rafi
1980,1,Dafli Wale Dafli Baja,Sargam,Mohammed Rafi; Lata Mangeshkar
1980,2,Om Shanti Om,Karz,Kishore Kumar
1980,3,Sheesha Ho Ya Dil Ho Aakhir Toot Jaata Hai,Aasha,Lata Mangeshkar
1980,4,Aap Jaisa Koi Meri Zindagi Mein Aaye,Qurbani,Nazia Hassan
1980,5,Koyal Boli Duniya Doli,Sargam,Lata Mangeshkar; Mohammed Rafi
1980,6,Laila Main Laila,Qurbani,Kanchan; Amit Kumar
1980,7,Ae Yaar Sun Yaari Teri,Suhaag,Shailendra Singh; Mohammed Rafi; Asha Bhosle
1980,8,Pal Do Pal Ka Saath Hamara,The Burning Train,Asha Bhosle; Mohammed Rafi
1980,9,Teri Rab Ne Bana Di Jodi,Suhaag,Shailendra Singh; Mohammed Rafi; Asha Bhosle
1980,10,Humein Tumse Pyar Kitna,Kudrat,Kishore Kumar
1980,11,Tune O Rangeele Kaisa Jadu Kiya,Kudrat,Lata Mangeshkar
1980,12,Tu Kitne Baras Ki,Karz,Lata Mangeshkar; Kishore Kumar
1980,13,Main To Beghar Hoon,Suhaag,Asha Bhosle
1980,14,Sultana Sultana,Taraana,Usha Mangeshkar
1980,15,Chhukar Mere Man Ko Kiya Tune Kya Ishara,Yaarana,Kishore Kumar
1980,16,Aane Wala Pal Jane Wala Hai,Golmaal,Kishore Kumar
1980,17,Sapnon Ke Sheher Hum Banayenge Ghar,Ahsaas,Kishore Kumar
1980,18,Hum To Chale Pardes,Sargam,Mohammed Rafi
1980,19,Parbat Ke Is Paar Parbat Ke Us Paar,Sargam,Lata Mangeshkar; Mohammed Rafi
1980,20,Chand Jaise Mukhde Pe Bindiya Sitara,Sawan Ko Aane Do,Yesudas
1980,21,Sa Re Ga Ma Pa,Man Pasand,Kishore Kumar; Lata Mangeshkar
1980,22,Hazaar Raahein Mudke Dekhin,Thodi Si Bewafai,Lata Mangeshkar; Kishore Kumar
1980,23,Chori Chori Koi Aaye,Noorie,Lata Mangeshkar
1980,24,Logon Ka Dil,Man Pasand,Mohammed Rafi
1980,25,Tujh Pe Qurbaan Meri Jaan,Qurbani,Kishore Kumar; Anwar
1980,26,Kya Dekhte Ho Surat Tumhari,Qurbani,Mohammed Rafi; Asha Bhosle
1980,27,Maine Puchha Chand Se,Abdullah,Mohammed Rafi
1980,28,Bane Chahe Dushman Zamana Hamara,Dostana,Kishore Kumar; Mohammed Rafi
1980,29,Jab Chhaye Mera Jaadu,Lootmaar,Asha Bhosle
1980,30,Pallo Latke Re,Naukar,Asha Bhosle; Kishore Kumar
1980,31,Uthe Sab Ke Kadam,Baton Baton Mein,Lata Mangeshkar; Amit Kumar
1980,32,Kali Ghata Chhayi Prem Rut Aayi,Kali Ghata,Mohammed Rafi
1980,33,Hari Om Hari,Pyara Dushman,Usha Uthup
1981,1,Mere Angne Mein Tumhara Kya Kaam Hai,Laawaris,Amitabh Bachchan; Alka Yagnik
1981,2,Zindagi Ki Na Toote Ladi,Kranti,Nitin Mukesh; Lata Mangeshkar
1981,3,Chal Mere Bhai Tere Haath Jodta Hoon,Naseeb,Amitabh Bachchan; Mohammed Rafi
1981,4,Yaad Aa Rahi Hai Teri Yaad Aa Rahi Hai,Love Story,Amit Kumar; Lata Mangeshkar
1981,5,Tere Mere Beech Mein Kaisa Hai Ye Bandhan Anjana,Ek Duuje Ke Liye,S.P. Balasubrahmanyam; Lata Mangeshkar
1981,6,Tum Tum Tararara Chana Jor Garam,Kranti,Nitin Mukesh; Mohammed Rafi; Lata Mangeshkar; Kishore Kumar
1981,7,Mere Jeevan Saathi Pyar Kiye Ja,Ek Duuje Ke Liye,Anuradha Paudwal; S.P. Balasubrahmanyam
1981,8,Dekho Maine Dekha Hai Ek Sapna,Love Story,Amit Kumar; Lata Mangeshkar
1981,9,John Jani Janardan,Naseeb,Mohammed Rafi
1981,10,Hari Om Hari,Pyara Dushman,Usha Uthup
1981,11,Ek Rasta Do Rahi,Ram Balram,Kishore Kumar; Mohammed Rafi
1981,12,Dekha Ek Khwab To Ye Silsile Hue,Silsila,Kishore Kumar; Lata Mangeshkar
1981,13,Yamma Yamma Ye Khoobsurat Samaan,Shaan,Mohammed Rafi; R.D. Burman
1981,14,Dosto Se Pyar Kiya,Shaan,Usha Uthup
1981,15,Chal Chameli Baag Mein,Krodhi,Lata Mangeshkar; Suresh Wadkar
1981,16,Pyar Karne Wale Pyar Karte Hain Shaan Se,Shaan,Asha Bhosle; Pankaj Udhas
1981,17,Apni To Jaise Taise,Laawaris,Kishore Kumar
1981,18,Na Jaane Kya Hua Jo Tune Chhu Liya,Dard,Lata Mangeshkar
1981,19,Disco Deewane,Disco Deewane,Nazia Hassan
1981,20,Rambha Ho Ho,Armaan,Usha Uthup
1981,21,Aa Dekhen Zara Kisme Kitna Hai Dum,Rocky,Asha Bhosle; Kishore Kumar; R.D. Burman
1981,22,Tu Is Tarah Se Meri Zindagi Mein Shamil Hai,Aap To Aise Na The,Mohammed Rafi
1981,23,Yakbayak Koi Kahin Mil Jaata Hai,Katilon Ka Katil,Kishore Kumar; Asha Bhosle
1981,24,Aao Na Pyar Karein,Disco Deewane,Nazia Hassan
1981,25,Looie Shama Sha,Kranti,Nitin Mukesh; Lata Mangeshkar
1981,26,Mere Dost Kissa Ye Kya Ho Gaya,Dostana,Mohammed Rafi
1981,27,Aate Jaate Hue Main Sab Pe Nazar Rakhta Hoon,Shaan,Mohammed Rafi
1981,28,Waqt Se Pehle Kismat Se Zyada,Biwi O Biwi,Kishore Kumar
1981,29,Mere Naseeb Mein Tu Hai Ke Nahin,Naseeb,Lata Mangeshkar
1981,30,Kitne Bhi Tu Kar Le Sitam,Sanam Teri Kasam,Asha Bhosle; Kishore Kumar
1981,31,Hum Bane Tum Bane Ek Duje Ke Liye,Ek Duuje Ke Liye,S.P. Balasubrahmanyam; Lata Mangeshkar
1982,1,Angrezi Mein Kehte Hain Ki I Love You,Khuddaar,Kishore Kumar; Lata Mangeshkar
1982,2,Zindagi Aa Raha Hoon Main,Mashaal,Kishore Kumar
1982,3,Rambha Ho Ho Main Naachu Tum Naacho,Armaan,Usha Uthup
1982,4,Kitne Bhi Tu Kar Le Sitam,Sanam Teri Kasam,Asha Bhosle; Kishore Kumar
1982,5,Main Hoon Prem Rogi,Prem Rog,Lata Mangeshkar; Suresh Wadkar
1982,6,Bolo Bolo Kuch To Bolo,Zamaane Ko Dikhana Hai,Mohammed Rafi; Asha Bhosle
1982,7,O Raju O Daddy,Ek Hi Bhool,S.P. Balasubrahmanyam
1982,8,Dil Cheez Kya Hai Aap Meri Jaan Lijiye,Umrao Jaan,Asha Bhosle
1982,9,Jaanan O Meri Jaanan,Sanam Teri Kasam,R.D. Burman
1982,10,Mohabbat Hai Kya Cheez,Prem Rog,Lata Mangeshkar; Suresh Wadkar
1982,11,Pyar Ka Wada Fifty Fifty,Fifty Fifty,Kishore Kumar; Asha Bhosle
1982,12,Ye Gotedar Lehenga,Dharam Kanta,Mohammed Rafi; Asha Bhosle
1982,13,Main Tum Mein Sama Jaun,Raaste Pyar Ke,Lata Mangeshkar; S.P. Balasubrahmanyam
1982,14,Chhod Maza Haath,Fifty Fifty,Asha Bhosle; Amit Kumar
1982,15,Dil Bole Boom Boom,Star,Nazia Hassan
1982,16,Dil Lena Khel Hai Dildar Ka,Zamaane Ko Dikhana Hai,R.D. Burman
1982,17,Dukki Pe Dukki Ho Ya Satte Pe Satta,Satte Pe Satta,Kishore Kumar; Asha Bhosle; R.D. Burman; Bhupinder Singh
1982,18,Main Ek Disco Tu Ek Disco,Khuddaar,Kishore Kumar; Lata Mangeshkar
1982,19,Ari O Potti,Desh Premee,Asha Bhosle; Kishore Kumar
1982,20,Ye Din To Aata Hai Ek Din Jawani Mein,Mahaan,Asha Bhosle; R.D. Burman
1982,21,Apne Apne Miyaan Pe Sabko Bada Naaz Hai,Apna Bana Lo,Asha Bhosle
1982,22,Oye Oye Chori Chori Baatein Ho,Star,Zoheb Hassan
1982,23,Mere Mehboob Tujhe Salaam,Baghawat,Asha Bhosle; Mohammed Rafi
1982,24,Ye Zameen Ga Rahi Hai Aasman Ga Raha Hai,Teri Kasam,Amit Kumar
1982,25,Pyar Mein Dil Pe,Mahaan,Kishore Kumar; Asha Bhosle
1982,26,Jab Se Tumko Dekha,Kaalia,Asha Bhosle; Kishore Kumar
1982,27,Sara Din Sataate Ho Raaton Ko Jagaate Ho,Raaste Pyar Ke,Asha Bhosle; Kishore Kumar
1982,28,Saat Saheliyan Khadi Khadi,Vidhaata,Kishore Kumar; Anuradha Paudwal; Alka Yagnik; Hemlata; Kanchan; Sadhana Sargam
1982,29,Jahan Teri Ye Nazar Hai,Kaalia,Kishore Kumar
1982,30,Mere Dildaar Ka Baankpan,Deedar-E-Yaar,Kishore Kumar; Mohammed Rafi
1983,1,Shaayad Meri Shaadi Ka Khayaal Dil Mein Aaya Hai,Souten,Lata Mangeshkar; Kishore Kumar
1983,2,Dil Ki Ye Aarzoo Thi Koi Dilruba Mile,Nikaah,Mahendra Kapoor; Salma Agha
1983,3,Dil Ke Armaan Aansuon Mein Bah Gaye,Nikaah,Salma Agha
1983,4,Jab Hum Jawan Honge,Betaab,Lata Mangeshkar; Shabbir Kumar
1983,5,Nainon Mein Sapna Sapnon Mein Sajna,Himmatwala,Kishore Kumar; Lata Mangeshkar
1983,6,Saat Saheliyan Khadi Khadi,Vidhaata,Kishore Kumar; Anuradha Paudwal; Alka Yagnik; Hemlata; Kanchan; Sadhana Sargam
1983,7,Ae Dil-E-Nadan,Razia Sultan,Lata Mangeshkar
1983,8,I Am A Disco Dancer,Disco Dancer,Vijay Benedict
1983,9,Udi Baba Udi Baba,Vidhaata,Asha Bhosle
1983,10,Tujh Sang Preet Lagai Sajna,Kaamchor,Lata Mangeshkar; Kishore Kumar
1983,11,Lakdi Ki Kaathi,Masoom,Gauri Bapat; Gurpreet Kaur; Vanita Mishra
1983,12,Meri Kismat Mein Tu Nahin Shayad,Prem Rog,Suresh Wadkar; Lata Mangeshkar
1983,13,Zindagi Pyar Ka Geet Hai,Souten,Kishore Kumar
1983,14,Zamana To Hai Naukar Biwi Ka,Naukar Biwi Ka,Kishore Kumar
1983,15,Taki O Taki,Himmatwala,Asha Bhosle; Kishore Kumar
1983,16,Zamane Mein Sabse Purani,Lovers,Lata Mangeshkar; Amit Kumar
1983,17,Yaad Teri Aayegi Mujhko Bada Satayegi,Ek Jaan Hain Hum,Shabbir Kumar
1983,18,Sajna Sun Sun Meri Chaabi,Rishta Kagaz Ka,Lata Mangeshkar
1983,19,Likhne Wale Ne Likh Daale,Arpan,Lata Mangeshkar; Suresh Wadkar
1983,20,Jimmy Jimmy Aaja Aaja,Disco Dancer,Parvati Khan
1983,21,Humka Le Chal Yara,Painter Babu,Lata Mangeshkar; Mahendra Kapoor
1983,22,Humne Sanam Ko Khat Likha,Shakti,Lata Mangeshkar
1983,23,Mama Mia Pom Pom,Justice Chaudhury,Asha Bhosle; Kishore Kumar
1983,24,Zindagi Mauj Udane Ka Naam Hai,Avtaar,Alka Yagnik; Mahendra Kapoor; Suresh Wadkar
1983,25,Yaar Ladki Shaandaar Hai,Painter Babu,Bhupinder Singh; Mahendra Kapoor
1983,26,Jawani Jawani Jalti Jawani,Jaani Dost,Asha Bhosle; Kishore Kumar
1983,27,Jalata Hai Badan,Razia Sultan,Lata Mangeshkar
1983,28,Ye Andha Kanoon Hai,Andha Kanoon,Kishore Kumar
1983,29,Chupke Chupke Raat Din,Nikaah,Ghulam Ali
1983,30,Bachke Rehna Re Baba,Pukar,R.D. Burman; Asha Bhosle; Kishore Kumar
1984,1,Tu Mera Janu Hai Tu Mera Dilbar Hai,Hero,Anuradha Paudwal; Manhar Udhas
1984,2,Zindagi Aa Raha Hoon Main,Mashaal,Kishore Kumar
1984,3,Jahaan Chaar Yaar Mil Jaayein,Sharaabi,Kishore Kumar; Amitabh Bachchan
1984,4,Pyar Ka Tohfa Tera,Tohfa,Kishore Kumar; Asha Bhosle
1984,5,Ek Aankh Maaroon To,Tohfa,Kishore Kumar; Asha Bhosle
1984,6,Daftar Ko Der Ho Gayi,Haisiyat,Kishore Kumar; Asha Bhosle
1984,7,De De Pyar De,Sharaabi,Kishore Kumar; Asha Bhosle
1984,8,Mujhe Naulakha Manga De Re,Sharaabi,Kishore Kumar; Asha Bhosle
1984,9,Humein Aur Jeene Ki Chaahat Na Hoti,Agar Tum Na Hote,Kishore Kumar; Lata Mangeshkar
1984,10,Ui Mar Gayi Doctor Babu,Ghar Ek Mandir,Kavita Krishnamurthy
1984,11,Tum Yaad Na Aaya Karo,Jeene Nahin Doonga,Lata Mangeshkar; Shabbir Kumar
1984,12,Tu Rootha To Main Ro Doongi,Jawani,Asha Bhosle
1984,13,Bol Do Meethe Bol Sohniye,Sohni Mahiwal,Asha Bhosle; Shabbir Kumar
1984,14,Kaisi Lag Rahi Hoon Main,Jhutha Sach,Kishore Kumar; Lata Mangeshkar
1984,15,Sajna Sun Sun Meri Chaabi Ki Chhun Chhun,Rishta Kagaz Ka,Lata Mangeshkar
1984,16,Haye Haye Garmi Hai,Maqsad,Kishore Kumar; S. Janaki
1984,17,O Boribunder Chhupa Ke Pallu Ke Andar,Tere Mere Beech Mein,Mahendra Kapoor; Usha Mangeshkar
1984,18,Rabb Mujhe Maaf Kare,Sohni Mahiwal,Asha Bhosle; Anwar
1984,19,Yahoo Yahoo Tumsa Nahin Dekha,Wanted,Kishore Kumar
1984,20,Dhakkam Dhakka Hua Pyar Badha,Kaamyaab,Kishore Kumar; Asha Bhosle
1984,21,Sare Badan Mein Zeher Chadh Gaya,Inquilaab,Kishore Kumar; Asha Bhosle
1984,22,Neele Neele Ambar Par Chand Jab Aaye,Kalakaar,Kishore Kumar
1984,23,Devi O Baby Main Ne Kaha,Maqsad,Kishore Kumar
1984,24,Jawani Ka Khazana Hai,Qaidi,Kishore Kumar; Asha Bhosle
1984,25,Gori Tere Ang Ang Mein,Tohfa,Kishore Kumar; Asha Bhosle
1984,26,Albela Mausam Kehta Hai,Tohfa,Kishore Kumar; Lata Mangeshkar; Kavita Krishnamurthy
1984,27,Sohni Chenab Di Kinare,Sohni Mahiwal,Anupama Deshpande
1984,28,Ek Number Ka Ladka,Kaamyaab,Kishore Kumar; Asha Bhosle
1984,29,Pehla Pehla Pyar Na Bhooley,Mazdoor,Salma Agha
1984,30,Hey Gussa Chhod Dil Na Tod,Maqsad,Kishore Kumar
1985,1,Sun Sahiba Sun Pyar Ki Dhun,Ram Teri Ganga Maili,Lata Mangeshkar
1985,2,Yashoda Ka Nandlala,Sanjog,Lata Mangeshkar
1985,3,Tumse Milkar Na Jaane Kyun,Pyar Jhukta Nahin,Kavita Krishnamurthy; Shabbir Kumar
1985,4,Tarzan My Tarzan,Tarzan,Alisha Chinai
1985,5,Ye Raat Mein Jo Maza Hai,Kasam Paida Karne Wale Ki,Salma Agha
1985,6,Chumma Chumma Chumma,Pataal Bhairavi,Salma Agha
1985,7,Chahe Lakh Toofan Aayein,Pyar Jhukta Nahin,Lata Mangeshkar; Shabbir Kumar
1985,8,Zindagi Har Qadam Ek Nayi Jung Hai,Meri Jung,Lata Mangeshkar
1985,9,O Meri Jaan Ab Nahin Rehna Tere Bina,Manzil Manzil,Asha Bhosle; Shailendra Singh
1985,10,O Maria O Maria,Saagar,Asha Bhosle; S.P. Balasubrahmanyam
1985,11,Jee Lay Lay Jee Lay Lay,Tarzan,Bappi Lahiri; Alisha Chinai
1985,12,Sridevi Tu Nahin Par Usse Milti Julti,Sarfarosh,Kishore Kumar
1985,13,Tumhein Apna Saathi Banane Se Pehle,Pyar Jhukta Nahin,Lata Mangeshkar; Shabbir Kumar
1985,14,Zihal-E-Maskeen Makun Ba Ranjish,Ghulami,Lata Mangeshkar; Shabbir Kumar
1985,15,Mamiya Carrow Mama,Arjun,Shailendra Singh
1985,16,Dhoop Mein Nikla Na Karo,Geraftaar,Kishore Kumar; Asha Bhosle
1985,17,Ram Teri Ganga Maili Ho Gayi,Ram Teri Ganga Maili,Lata Mangeshkar; Suresh Wadkar
1985,18,Man Kyon Behka Re Behka,Utsav,Lata Mangeshkar; Asha Bhosle
1985,19,Teri Meherbaniyan,Teri Meherbaniyan,Shabbir Kumar
1985,20,Mehmaan Nazar Ki Ban Ja,Pataal Bhairavi,Kishore Kumar; Lata Mangeshkar
1985,21,Saagar Kinare Dil Ye Pukare,Saagar,Kishore Kumar; Lata Mangeshkar
1985,22,Yaar Bina Chain Kahan Re,Saheb,Bappi Lahiri; S. Janaki
1985,23,Tujhe Bulayein Ye Meri Baahein,Ram Teri Ganga Maili,Lata Mangeshkar
1985,24,Paas Aao Na Jaane Do Na,Saagar,Asha Bhosle; S.P. Balasubrahmanyam
1985,25,Hai Baba Re Baba Mar Gaye Ek Din,Manzil Manzil,Asha Bhosle
1985,26,Ai Mere Mehboob Meri Zindagi,Salma,Salma Agha; Shabbir Kumar
1985,27,Tu Wada Na Tod,Dil Tujhko Diya,Lata Mangeshkar
1985,28,Dil Beqarar Tha Dil Beqarar Hai,Teri Meherbaniyan,Anuradha Paudwal; Shabbir Kumar
1985,29,Mohabbat Se Chalti Hai Duniya,Mohabbat,Kishore Kumar
1985,30,Ek Baat Dil Mein Aayi Hai,Rahi Badal Gaye,Kishore Kumar; Lata Mangeshkar
1985,31,Dil Mein Aag Lagaye Sawan Ka Mahina,Alag Alag,Kishore Kumar
1985,32,Deewana Deewana Dil Sangeet Ka Deewana,Hoshiyar,Bappi Lahiri
1985,33,Hum Chup Hain Ki Dil Sun Rahe Hain,Faasle,Kishore Kumar; Lata Mangeshkar
1985,34,Tum Hi Se Raushan Hai Raat Meri,Lorie,Lata Mangeshkar; Talat Aziz
1985,35,Bol Baby Bol Rock N Roll,Meri Jung,Kishore Kumar; S. Janaki
1986,1,Chitthi Aayi Hai Watan Se Bahut Dinon Ke Baad,Naam,Pankaj Udhas
1986,2,Duniya Mein Kitna Gham Hai Mera Gham Kitna Kam Hai,Amrit,Mohammed Aziz
1986,3,Har Karam Apna Karenge Ae Sanam Tere Liye,Karma,Kavita Krishnamurthy
1986,4,Pyar Do Pyar Lo,Janbaaz,Manhar Udhas; Sadhana Sargam
1986,5,Main Naagin Tu Sapera,Nagina,Lata Mangeshkar
1986,6,Tujhe Bechain Itna Zyada Kiya,Nagina,Mohammed Aziz
1986,7,Sun Ruby Pyar Ho Gaya,Mard,Amitabh Bachchan; Shabbir Kumar; S. Janaki
1986,8,Gori Ka Saajan Saajan Ki Gori,Aakhree Raasta,S. Janaki; Mohammed Aziz
1986,9,Ameeron Ki Shaam Ghareebon Ke Naam,Naam,Mohammed Aziz
1986,10,Peena Haraam Hai Na Pilana Haraam Hai,Chameli Ki Shaadi,Kishore Kumar; Alka Yagnik
1986,11,Tera Saath Hai Kitna Pyara,Janbaaz,Kishore Kumar; Sapna Mukherjee
1986,12,Baharon Ki Rangeeniyon Ko Chura Kar,Naseeb Apna Apna,Shabbir Kumar
1986,13,Chitthi Aayi Hai Aayi Hai Chitthi Aayi Hai,Naam,Pankaj Udhas
1986,14,Jab Jab Teri Soorat Dekhun,Janbaaz,Sapna Mukherjee; Mahesh Gadhvi
1986,15,Ye Nadanon Ki Duniya Hai,Love And God,Mohammed Rafi
1986,16,Pyar Kiya Hai Pyar Karenge,Pyar Kiya Hai Pyar Karenge,Kavita Krishnamurthy; Shabbir Kumar
1986,17,Ghunghta Khol Na,Suhagan,Kishore Kumar; Asha Bhosle
1986,18,Hum To Tambu Mein Bambu Lagaye Baithe,Mard,Asha Bhosle; Mohammed Aziz
1986,19,Dil Mein Aag Lagaye Sawan Ka Mahina,Alag Alag,Kishore Kumar
1986,20,Wah Wah Kya Rang Hai,Singhasan,Kishore Kumar; Asha Bhosle
1986,21,Jis Din Se Juda Woh Hum Se Hue,Aafreen,Pankaj Udhas
1986,22,Maika Piya Bulave,Sur Sangam,Lata Mangeshkar; Suresh Wadkar
1986,23,Mahi Ve Na Jaiyo Pardes,Karma,Kavita Krishnamurthy
1986,24,Pyar Hamara Amar Rahega,Muddat,Asha Bhosle; Mohammed Aziz
1986,25,Ek Ladki Jiska Naam Mohabbat,Aag Aur Shola,Kavita Krishnamurthy; Mohammed Aziz
1986,26,Chalta Hai Do Dilon Ka Kaise Sansaar,Singhasan,Kishore Kumar; P. Susheela
1986,27,Bhala Hai Bura Hai Jaisa Bhi Hai,Naseeb Apna Apna,Anuradha Paudwal
1986,28,Mohabbat Khuda Hai,Love And God,Mohammed Rafi
1986,29,Kis Pe Jaan Dijiye,Aafreen,Pankaj Udhas
1986,30,Ujiyara Bhor Ka,Kariye Kshama,Hemlata
1986,31,Ho Dil Se Dil Ki Pappi,Geraftaar,Asha Bhosle; Mohammed Aziz
1986,32,Tu Kal Chala Jayega To Main Kya Karunga,Naam,Manhar Udhas; Mohammed Aziz
1986,33,Oye Kya Cheez Hai Tu,Jaal,Shabbir Kumar
1986,34,Mujhe Kehte Hain Romeo,Muddat,Kishore Kumar
1986,35,O Miss De De Kiss,Love 86,Shailendra Singh; Suresh Wadkar
1987,1,Kuch Bhi Nahin Rehta Is Duniya Mein,Khudgarz,Udit Narayan
1987,2,Tujhe Itna Pyar Karein,Kudrat Ka Kanoon,Lata Mangeshkar; Shabbir Kumar
1987,3,Chal Bhaag Chalein Purab Ki Or,Kalyug Ki Ramayan,Lata Mangeshkar
1987,4,Mahi Ve Na Jaiyo Pardes,Karma,Kavita Krishnamurthy
1987,5,O Yaara Tu Pyaron Se Hai Pyara,Kaash,Kishore Kumar; Anupama Deshpande
1987,6,Dance Dance,Dance Dance,Vijay Benedict; Alisha Chinai
1987,7,Mai Se Meena Se Na Saaqi Se,Khudgarz,Mohammed Aziz; Sadhana Sargam
1987,8,Zindagi Ka Naam Dosti,Khudgarz,Nitin Mukesh
1987,9,Dil Behalta Hai Mera,Khudgarz,Sadhana Sargam; Mohammed Aziz
1987,10,Dil Pukare Jeeva Re Jeeva,Jeeva,Asha Bhosle
1987,11,Karte Hain Hum Pyar Mr. India Se,Mr. India,Kishore Kumar; Kavita Krishnamurthy
1987,12,Dulhe Raja Dekh Dulhaniya Doli Layi Hai,Pyar Ki Jeet,Asha Bhosle
1987,13,De De Didi Football Wapas Hamari,Mr. India,Kavita Krishnamurthy
1987,14,Hawa Hawai,Mr. India,Kavita Krishnamurthy
1987,15,Dekho Dekho Mera Jalwa,Jalwa,Remo Fernandes
1987,16,Aur Is Dil Mein Kya Rakha Hai,Imaandaar,Asha Bhosle; Suresh Wadkar
1987,17,Naam Sare Mujhe Bhool Jaane Lage,Sindoor,Lata Mangeshkar; Mohammed Aziz
1987,18,Log Kehte Hain Ki Peela Chand Hai,Khudgarz,Sadhana Sargam; Mohammed Aziz
1987,19,Patthar Ke Khuda Patthar Ke Sanam,Passions,Jagjit Singh
1987,20,Ye Raat Ye Barsaat Ye Tanhai Ka Aalam,Awaam,Asha Bhosle; Mahendra Kapoor
1987,21,Ameer Se Hoga Ya Ghareeb Se Hoga,Insaniyat Ke Dushman,Suresh Wadkar
1987,22,Hamsafar Gham Jo Mohabbat Mein,Shohrat,Anup Jalota
1987,23,Ram Ram Bol Prabhu Inki Aankhein Khol,Hukumat,Alka Yagnik; Kavita Krishnamurthy; Shabbir Kumar
1987,24,Main Aaj Bahut Khush Hoon,Sansar,Asha Bhosle
1987,25,Teri Jawani Ke Charche,Hawalaat,Asha Bhosle; Mohammed Aziz
1987,26,Na Tum Ne Kiya Na Main Ne Kiya,Nache Mayuri,Lata Mangeshkar
1987,27,Jab Pyar Kiya Iqraar Kiya,Watan Ke Rakhwale,Anuradha Paudwal; Mohammed Aziz
1987,28,Terha Merha Main Seedhe Logon Mein,Jalwa,Remo Fernandes
1988,1,Papa Kehte Hain Bada Naam Karega,Qayamat Se Qayamat Tak,Udit Narayan
1988,2,Saajan Mera Us Paar Hai,Ganga Jamuna Saraswati,Lata Mangeshkar
1988,3,Kya Karte The Sajna,Lal Dupatta Malmal Ka,Udit Narayan; Anuradha Paudwal
1988,4,Naam Sare Mujhe Bhool Jaane Lage,Sindoor,Lata Mangeshkar; Mohammed Aziz
1988,5,Julie Julie,Jeete Hain Shaan Se,Anu Malik
1988,6,Main Tera Tota Tu Meri Maina,Paap Ki Duniya,Kishore Kumar; S. Janaki
1988,7,Angoori Mein Angoothi Angoothi Mein Nageena,Ram Avtar,Lata Mangeshkar; Mohammed Aziz
1988,8,Jaane Do Jaane Do Mujhe Jaana Hai,Shahenshah,Lata Mangeshkar; Mohammed Aziz
1988,9,Andheri Raaton Mein Sunsaan Raahon Pe,Shahenshah,Kishore Kumar
1988,10,Ae Mere Humsafar Ek Zara Intezaar,Qayamat Se Qayamat Tak,Udit Narayan; Alka Yagnik
1988,11,Ek Do Teen,Tezaab,Alka Yagnik
1988,12,Ye Raat Ye Barsaat Ye Tanhai Ka Aalam,Awaam,Asha Bhosle; Mahendra Kapoor
1988,13,Gazab Ka Hai Din,Qayamat Se Qayamat Tak,Alka Yagnik
1988,14,Aaj Phir Tumpe Pyar Aaya Hai,Dayavan,Anuradha Paudwal; Pankaj Udhas
1988,15,Saajan Aa Jao,Aag Hi Aag,Asha Bhosle; Shabbir Kumar
1988,16,Jab Pyar Kiya Iqraar Kiya,Watan Ke Rakhwale,Anuradha Paudwal; Mohammed Aziz
1988,17,Keh Do Ki Tum Ho Meri Warna,Tezaab,Anuradha Paudwal; Amit Kumar
1988,18,Sooni Sooni Ankhiyon Mein,Lal Dupatta Malmal Ka,Anuradha Paudwal; Suresh Wadkar
1988,19,Bandhan Toote Na Saari Zindagi,Paap Ki Duniya,Lata Mangeshkar; Shabbir Kumar
1988,20,Main Pyar Ka Pujari,Hatya,Asha Bhosle; Bappi Lahiri
1988,21,Barse Re Sawan,Dariya Dil,Sadhana Sargam; Mohammed Aziz
1988,22,Qasam Kya Hoti Hai,Kasam,Asha Bhosle; Nitin Mukesh
1988,23,Patjhad Sawan Basant Bahar,Sindoor,Lata Mangeshkar; Suresh Wadkar; Mohammed Aziz
1988,24,Mere Pyar Ki Umar Ho Itni Sanam,Waaris,Lata Mangeshkar
1988,25,Aaj Maati Sunaye Kahani,Waaris,Mahendra Kapoor
1988,26,Ek Ek Ho Jayen Phir Ghar Chale Jaana,Ganga Jamuna Saraswati,Kishore Kumar; Pankaj Udhas
1988,27,Akele Hain To Kya Gham Hai,Qayamat Se Qayamat Tak,Udit Narayan; Alka Yagnik
1988,28,Hum Na Rahein Tum Na Raho,Aag Hi Aag,Asha Bhosle; Shabbir Kumar
1988,29,Main Ne Tere Liye,Main Tere Liye,Bappi Lahiri
1988,30,Maine Bhi Ek Geet Likha Hai,Hamara Khandaan,Shabbir Kumar
1988,31,Zindagi Pyar Hai Pyar Bina Yaar,Paap Ki Duniya,Asha Bhosle; Shailendra Singh; Shabbir Kumar
1988,32,Hanste Hanste Kat Jayen Raste,Khoon Bhari Maang,Nitin Mukesh; Sadhana Sargam
1988,33,Phool Gulab Ka,Biwi Ho To Aisi,Anuradha Paudwal; Mohammed Aziz
1988,34,Mera Kuch Samaan Tumhare Paas Pada Hai,Ijaazat,Asha Bhosle
1988,35,Log Jahan Par Rehte Hain,Pyar Ka Mandir,Kavita Krishnamurthy; Suresh Wadkar; Mohammed Aziz
1989,1,My Name Is Lakhan,Ram Lakhan,Mohammed Aziz
1989,2,Kabootar Ja Ja Ja,Maine Pyar Kiya,Lata Mangeshkar; S.P. Balasubrahmanyam
1989,3,Mere Haathon Mein Nau Nau Chooriyan,Chandni,Lata Mangeshkar
1989,4,Hum Tumhein Itna Pyar Karenge,Bees Saal Baad,Anuradha Paudwal; Mohammed Aziz
1989,5,Oye Oye Tirchhi Topi Wale,Tridev,Amit Kumar; Sapna Mukherjee
1989,6,Aaja Shaam Hone Aayi,Maine Pyar Kiya,Lata Mangeshkar; S.P. Balasubrahmanyam
1989,7,Keh Do Ki Tum Ho Meri Warna,Tezaab,Amit Kumar
1989,8,Dil Deewana Bin Sajna Ke,Maine Pyar Kiya,Lata Mangeshkar; S.P. Balasubrahmanyam
1989,9,Tere Lakhan Ne Bada Dukh Deena,Ram Lakhan,Lata Mangeshkar
1989,10,So Gaya Ye Jahan,Tezaab,Alka Yagnik; Nitin Mukesh; Shabbir Kumar
1989,11,Tutak Tutak Tutiya,Ghar Ka Chirag,Asha Bhosle; Amit Kumar
1989,12,Hawa Hawa Ae Hawa,Hawa Hawa,Hasan Jahangir
1989,13,Lagi Aaj Sawan Ki Phir Wo Jhadi Hai,Chandni,Suresh Wadkar; Anupama Deshpande
1989,14,Mujhe Tumse Hain Kitne Gile,Ram Lakhan,Anuradha Paudwal; Manhar Udhas
1989,15,Rang Bhare Baadal Se,Chandni,Jolly Mukherjee
1989,16,Jeena Hai Pyar Mein Jeena,Love Love Love,Vijay Benedict
1989,17,Dil Deewana Bin Sajna Ke Maane Na,Maine Pyar Kiya,Lata Mangeshkar; S.P. Balasubrahmanyam
1989,18,Bahar Hai Problem Ghar Mein Hai Problem,Toofan,Amitabh Bachchan
1989,19,Dil Tera Kisne Toda,Dayavan,Mohammed Aziz
1989,20,Na Jaane Kahan Se Aayi Hai,Chaalbaaz,Kavita Krishnamurthy; Amit Kumar
1989,21,Chahe Meri Jaan Tu Le Le,Dayavan,Jolly Mukherjee
1989,22,Padosan Apni Murghi Ko,Jaadugar,Amitabh Bachchan
1989,23,Babul Ka Ye Ghar Behna,Daata,Kishore Kumar; Alka Yagnik
1989,24,Tera Beemar Mera Dil,Chaalbaaz,Kavita Krishnamurthy; Mohammed Aziz
1990,1,Gori Hai Kalaiyan Tu Laade Mujhe Hari Hari Chooriyan,Aaj Ka Arjun,Lata Mangeshkar; Shabbir Kumar
1990,2,Mohabbat Inayat Karam Dekhte Hain,Bahaar Aane Tak,Anuradha Paudwal; Pankaj Udhas
1990,3,Mujhe Neend Na Aaye,Dil,Udit Narayan; Anuradha Paudwal
1990,4,Aapko Dekh Ke Dekh Ke,Kishen Kanhaiya,Amit Kumar; Sadhana Sargam
1990,5,O Priya Priya Kyun Bhula Diya,Dil,Anuradha Paudwal; Suresh Wadkar
1990,6,Jab Se Dekha Tumko Yara,Tum Mere Ho,Udit Narayan; Anupama Deshpande
1990,7,Nazar Ke Samne Jigar Ke Paas,Aashiqui,Kumar Sanu; Anuradha Paudwal
1990,8,Kali Teri Choti Hai,Bahaar Aane Tak,Anuradha Paudwal; Mangal Singh
1990,9,Jaane Jigar Jaane Mann,Aashiqui,Kumar Sanu; Anuradha Paudwal
1990,10,Tama Tama Loge,Thanedaar,Anuradha Paudwal; Bappi Lahiri
1990,11,Maine Duniya Bhula Doongi Teri Chaahat Mein,Aashiqui,Kumar Sanu; Anuradha Paudwal
1990,12,Saanson Ki Zaroorat Hai Jaise,Aashiqui,Kumar Sanu; Anuradha Paudwal
1990,13,Ye Jo Halka Halka Suroor Hai,Souten Ki Beti,Kishore Kumar; Anuradha Paudwal
1990,14,Jab Uska Chehra Mehkega,Yaadon Ke Mausam,Anuradha Paudwal; Amit Kumar
1990,15,Kehna Na Tum Ye Kisi Se,Pati Patni Aur Tawaif,Salma Agha; Mohammed Aziz
1990,16,Maine Tujhe Khat Likha,Mera Pati Sirf Mera Hai,Lata Mangeshkar; S.P. Balasubrahmanyam
1990,17,Soot Boot Mein Aaya Kanhaiya,Kishen Kanhaiya,Amit Kumar
1990,18,Krishna Krishna Aaye Krishna,Kishen Kanhaiya,Lata Mangeshkar; Nitin Mukesh
1991,1,Dekha Hai Pehli Baar Saajan Ki Aankhon Mein Pyar,Saajan,Alka Yagnik; S.P. Balasubrahmanyam
1991,2,Maine Pyar Tumhi Se Kiya Hai,Phool Aur Kaante,Kumar Sanu; Anuradha Paudwal
1991,3,Tere Hum Hain Sanam Pyar Mein,Jeena Teri Gali Mein,Kumar Sanu; Anuradha Paudwal
1991,4,Kabhi Tu Chhaliya Lagta Hai,Patthar Ke Phool,Lata Mangeshkar; S.P. Balasubrahmanyam
1991,5,Tumhein Apna Banane Ki Qasam Khayi Hai,Sadak,Kumar Sanu; Anuradha Paudwal
1991,6,Dil Hai Ki Manta Nahin,Dil Hai Ke Manta Nahin,Kumar Sanu; Anuradha Paudwal
1991,7,Saudagar Sauda Kar,Saudagar,Kavita Krishnamurthy; Manhar Udhas; Sukhwinder Singh
1991,8,Jumma Chumma De De,Hum,Kavita Krishnamurthy; Sudesh Bhonsle
1991,9,Choodi Maza Na Degi Kangan Maza Na Dega,Sanam Bewafa,Lata Mangeshkar
1991,10,Main Hoon Khushrang Henna,Henna,Lata Mangeshkar
1991,11,Kitne Dino Ke Baad Hai Aayi Sajna Raat,Aayi Milan Ki Raat,Anuradha Paudwal; Mohammed Aziz
1991,12,Jeena Teri Gali Mein,Jeena Teri Gali Mein,Anuradha Paudwal; S.P. Balasubrahmanyam
1991,13,Tune Preet Jo Mujhse Jodi,Meera Ka Mohan,Anuradha Paudwal; Suresh Wadkar
1991,14,Ilu Ilu,Saudagar,Kavita Krishnamurthy; Manhar Udhas; Sukhwinder Singh
1991,15,Tumse Jo Dekhte Hi Pyar Hua,Patthar Ke Phool,Lata Mangeshkar; S.P. Balasubrahmanyam
1991,16,Tumse Milne Ko Dil Karta Hai,Phool Aur Kaante,Kumar Sanu; Anuradha Paudwal
1991,17,Jao Tum Chahe Jahan,Narsimha,Alka Yagnik; Amit Kumar
1991,18,Hum Tere Bin Kahin Reh Nahin Paate,Sadak,Anuradha Paudwal; Manhar Udhas
1991,19,Yara Sili Sili Birha Ki Raat Ka Jalana,Lekin,Lata Mangeshkar
1991,20,Tere Hum Ae Sanam Pyar Mein,Jeena Teri Gali Mein,Kumar Sanu; Anuradha Paudwal
1991,21,Sun Mahiya Shukriya Meherbani,100 Days,Lata Mangeshkar; S.P. Balasubrahmanyam
1991,22,Jaate Ho Pardes Piya,Jeena Teri Gali Mein,Anuradha Paudwal; Nitin Mukesh
1991,23,Bahut Pyar Karte Hain Tumko Sanam,Saajan,Anuradha Paudwal; S.P. Balasubrahmanyam
1991,24,Kaagaz Qalam Dawaat La,Hum,Mohammed Aziz; Shobha Joshi
1991,25,Dheere Dheere Pyar Ko Badhana Hai,Phool Aur Kaante,Alka Yagnik; Kumar Sanu
1991,26,Ye Dharti Chand Sitare,Kurbaan,Udit Narayan; Anuradha Paudwal
1991,27,Kaisa Lagta Hai Achha Lagta Hai,Baaghi,Anuradha Paudwal; Amit Kumar
1991,28,Tota Tota Sajan Se Kehna,First Love Letter,Lata Mangeshkar; S.P. Balasubrahmanyam
1991,29,Imli Ka Boota Beri Ka Ber,Saudagar,Mohammed Aziz; Sudesh Bhonsle
1991,30,Anardana Anardana,Henna,Lata Mangeshkar
1991,31,Jab Tak Rahe Dharti Gagan,Baharon Ki Manzil,Udit Narayan; Poornima
1991,32,Gori Kab Se Hui Jawan,Phool Bane Angaarey,Lata Mangeshkar
1991,33,Aaj Na Chhodenge Tujhe,Dil,Udit Narayan; Anuradha Paudwal
1991,34,Tu Shayar Hai Main Teri Shayari,Saajan,Alka Yagnik
1991,35,Deewani Deewani Deewana Tera Ho Gaya,First Love Letter,Lata Mangeshkar; S.P. Balasubrahmanyam
1991,36,Tu Pyar Hai Kisi Aur Ka,Dil Hai Ke Manta Nahin,Kumar Sanu; Anuradha Paudwal
1991,37,Saathiya Tune Kya Kiya,Love,S.P. Balasubrahmanyam; Chitra
1992,1,Maine Pyar Tumhi Se Kiya Hai,Phool Aur Kaante,Kumar Sanu; Anuradha Paudwal
1992,2,Tu Tu Tu Tu Tara,Bol Radha Bol,Udit Narayan; Poornima
1992,3,Koyal Si Teri Boli,Beta,Udit Narayan; Anuradha Paudwal
1992,4,Aisi Deewangi Dekhi Nahin Kabhi,Deewana,Alka Yagnik; Vinod Rathod
1992,5,Tu Mujhe Kabool Main Tujhe Kabool,Khuda Gawah,Kavita Krishnamurthy; Mohammed Aziz
1992,6,Teri Ummeed Tera Intezaar Karte Hain,Deewana,Kumar Sanu; Sadhana Sargam
1992,7,Saathiya Tune Kya Kiya,Love,S.P. Balasubrahmanyam; Chitra
1992,8,Wada Raha Sanam,Khiladi,Alka Yagnik; Abhijeet
1992,9,Aake Teri Baahon Mein,Vansh,Lata Mangeshkar; S.P. Balasubrahmanyam
1992,10,Mere Pyar Mein Sach Sach Kaho,Sapne Sajan Ke,Alka Yagnik
1992,11,Dil Jigar Nazar Kya Hai,Dil Ka Kya Kasoor,Kumar Sanu
1992,12,Bol Radha Bol Tune Ye Kya Kiya,Bol Radha Bol,Udit Narayan; Anuradha Paudwal
1992,13,Pee Pee Pee Piya,Prem Deewane,Alka Yagnik; Udit Narayan
1992,14,Kaun Ho Tum Jo Dil Mein Samaye Jaate Ho,Mashooq,Kavita Krishnamurthy; Abhijeet
1992,15,Kabhi Main Kahoon Kabhi Tum Kaho,Lamhe,Lata Mangeshkar; Hariharan
1992,16,Tota Mere Tota,Aaj Ka Gundaraj,Sadhana Sargam; Abhijeet
1992,17,Dhak Dhak Karne Laga,Beta,Udit Narayan; Anuradha Paudwal
1992,18,Deewani Deewani Deewana Tera Ho Gaya,First Love Letter,Lata Mangeshkar; S.P. Balasubrahmanyam
1992,19,Kal College Band Ho Jayega,Jaan Tere Naam,Udit Narayan; Sadhana Sargam
1992,20,Jab Na Mana Dil Deewana,Bekhudi,Asha Bhosle; Kumar Sanu
1992,21,Saat Samundar Paar,Vishwatma,Sadhana Sargam
1992,22,Tu Roop Ki Rani,Roop Ki Rani Choron Ka Raja,Kavita Krishnamurthy; Amit Kumar
1993,1,Choli Ke Peeche Kya Hai,Khalnayak,Alka Yagnik; Ila Arun
1993,2,Baazigar O Baazigar,Baazigar,Kumar Sanu; Alka Yagnik
1993,3,Aaj Humne Dil Ka Har Kissa Tamam Kar Diya,Sir,Kumar Sanu; Alka Yagnik
1993,4,Choom Loon Honth Tere,Shriman Aashiq,Kumar Sanu; Alka Yagnik
1993,5,Tere Dar Pe Sanam Chale Aaye,Phir Teri Kahani Yaad Aayi,Kumar Sanu
1993,6,Teri Mohabbat Ne Dil Mein Muqaam Kar Diya,Rang,Kumar Sanu; Alka Yagnik
1993,7,Is Jahan Ki Nahin Hain Tumhari Aankhein,King Uncle,Lata Mangeshkar; Nitin Mukesh
1993,8,O Lal Dupatte Wali Tera Naam To Bata,Aankhen,Kumar Sanu; Alka Yagnik; Kavita Krishnamurthy
1993,9,Lena Hai Lena Hai,Bomb Blast,Kavita Krishnamurthy; Bali Brahmbhatt
1993,10,Ghoonghat Ki Aad Se Dilbar Ka,Hum Hain Rahi Pyar Ke,Kumar Sanu; Alka Yagnik
1993,11,Goriya Re Goriya Re,Aaina,Lata Mangeshkar; Jolly Mukherjee
1993,12,Nayak Nahin Khalnayak Hoon Main,Khalnayak,Kavita Krishnamurthy; Vinod Rathod
1993,13,Payaliya Geet Sunaye,Deewana,Kumar Sanu; Alka Yagnik
1993,14,Kam Se Kam Itna Kaha Hota,Dil Tera Aashiq,Alka Yagnik
1993,15,Ye Kaali Kaali Aankhein,Baazigar,Kumar Sanu; Anu Malik
1993,16,Tujhe Na Dekhoon To Chain Mujhe Aata Nahin,Rang,Kumar Sanu; Alka Yagnik
1993,17,Chadh Gaya Upar Re,Dalaal,Bappi Lahiri; Ila Arun
1993,18,Main Tera Aashiq Hoon,Gumrah,Roop Kumar Rathod
1993,19,Dil Hoom Hoom Kare,Rudaali,Lata Mangeshkar
1993,20,Pagal Dil Mera,Aaja Meri Jaan,Anuradha Paudwal; S.P. Balasubrahmanyam
1994,1,Didi Tera Devar Deewana,Hum Aapke Hain Koun,Lata Mangeshkar; S.P. Balasubrahmanyam
1995,1,Tujhe Dekha Toh Ye Jaana Sanam,Dilwale Dulhania Le Jayenge,Lata Mangeshkar; Kumar Sanu
1996,1,Pardesi Pardesi Jana Nahin,Raja Hindustani,Alka Yagnik; Udit Narayan
1997,1,Sandese Aate Hain,Border,Sonu Nigam; Roop Kumar Rathod
1998,1,Chaiyya Chaiyya,Dil Se,Sukhwinder Singh; Sapna Awasthi
1999,1,Taal Se Taal Mila,Taal,Udit Narayan; Alka Yagnik
2000,1,Humko Humise Chura Lo,Mohabbatein,Lata Mangeshkar; Udit Narayan
